id,first_name,last_name,email,gender,ip_address,country,car
1,Sanson,Twitty,stwitty0@unicef.org,Genderfluid,54.175.80.150,Indonesia,Audi
2,Jarred,Eles,jeles1@rediff.com,Male,125.65.61.13,Japan,Chevrolet
3,Arabele,Arboine,aarboine2@arizona.edu,Male,72.53.97.55,Philippines,Dodge
4,Kathi,Lathe,klathe3@networksolutions.com,Female,117.215.54.224,Ukraine,Mercedes-Benz
5,Armstrong,Thornton-Dewhirst,athorntondewhirst4@sourceforge.net,Polygender,45.143.22.216,China,Oldsmobile
6,Jonathon,Tofful,jtofful5@illinois.edu,Non-binary,204.185.242.224,Indonesia,Mercedes-Benz
7,Lorita,Shatliffe,lshatliffe6@google.com.au,Male,48.200.61.253,Poland,Ford
8,Drusie,Grinyer,dgrinyer7@canalblog.com,Agender,219.105.110.133,Croatia,Chevrolet
9,Wyndham,Cohane,wcohane8@wisc.edu,Male,157.49.139.41,Ukraine,Ford
10,Lorianna,Pemble,lpemble9@delicious.com,Agender,76.60.147.187,Tanzania,Mitsubishi
11,Andrei,Worgan,aworgana@privacy.gov.au,Bigender,14.43.224.7,Indonesia,Toyota
12,Gottfried,Peplaw,gpeplawb@noaa.gov,Non-binary,92.132.243.225,Russia,Subaru
13,Celina,Bruyet,cbruyetc@google.fr,Male,67.201.7.108,United States,Maybach
14,Jacklin,Pimm,jpimmd@quantcast.com,Non-binary,223.23.101.111,Mayotte,Mercedes-Benz
15,Osmond,Duggen,oduggene@bizjournals.com,Genderfluid,193.150.239.6,Brazil,Ferrari
16,Marge,Middleweek,mmiddleweekf@paginegialle.it,Male,42.59.10.86,Russia,GMC
17,Duane,Theurer,dtheurerg@yolasite.com,Agender,170.85.31.36,Colombia,Jaguar
18,Earvin,Christofle,echristofleh@ezinearticles.com,Bigender,248.203.228.251,Colombia,Chevrolet
19,Neale,Deacon,ndeaconi@mail.ru,Non-binary,188.252.221.71,Ukraine,BMW
20,Prudy,Clappson,pclappsonj@army.mil,Genderfluid,200.221.227.5,Malaysia,Audi
21,Levey,Siggin,lsiggink@sina.com.cn,Agender,205.162.162.187,China,Chrysler
22,Shirl,Pischoff,spischoffl@stanford.edu,Male,159.69.178.245,Comoros,Nissan
23,Dorette,Costin,dcostinm@zdnet.com,Female,62.151.15.195,Indonesia,Honda
24,Lenna,Libbie,llibbien@domainmarket.com,Male,72.210.198.175,France,Mitsubishi
25,Cornie,McNally,cmcnallyo@shinystat.com,Bigender,173.122.44.84,Thailand,Mercedes-Benz
26,Clovis,Holehouse,cholehousep@hostgator.com,Female,162.13.38.54,Sweden,Volkswagen
27,Carine,Smithyman,csmithymanq@photobucket.com,Male,128.161.183.125,Poland,Buick
28,Fayre,Douberday,fdouberdayr@scientificamerican.com,Female,182.59.224.214,Thailand,Dodge
29,Hendrika,Boxhill,hboxhills@arizona.edu,Agender,250.247.51.223,China,GMC
30,Engelbert,Kleinlerer,ekleinlerert@globo.com,Polygender,186.190.20.200,Indonesia,Honda
31,Bree,Blasing,bblasingu@netscape.com,Non-binary,59.0.125.173,France,Toyota
32,Gardy,Eykel,geykelv@aboutads.info,Genderqueer,134.46.113.50,Ukraine,Pontiac
33,Brigida,Climance,bclimancew@bbc.co.uk,Female,194.246.177.9,Colombia,Saturn
34,Kimbra,Ritch,kritchx@google.it,Agender,249.0.65.110,Yemen,Volkswagen
35,Calley,Waylett,cwayletty@google.cn,Non-binary,88.86.155.117,Slovenia,Suzuki
36,Rea,Strognell,rstrognellz@patch.com,Non-binary,85.159.155.243,Poland,GMC
37,Issi,Valero,ivalero10@indiegogo.com,Non-binary,31.34.222.81,South Africa,Nissan
38,Vasilis,Lindsay,vlindsay11@wsj.com,Female,217.213.78.255,Uganda,Mazda
39,Heddi,Pohl,hpohl12@google.com,Genderfluid,49.209.212.222,Portugal,Mercedes-Benz
40,Wells,Hallatt,whallatt13@archive.org,Genderqueer,9.196.127.242,China,Toyota
41,Jana,Bletcher,jbletcher14@thetimes.co.uk,Bigender,41.116.37.210,Russia,Mercedes-Benz
42,Bobinette,Sor,bsor15@quantcast.com,Agender,216.215.81.79,Indonesia,Ford
43,Bonnibelle,Deary,bdeary16@oakley.com,Bigender,210.69.128.185,Lithuania,Nissan
44,Ardra,Orfeur,aorfeur17@telegraph.co.uk,Non-binary,91.182.48.201,Brazil,Mercury
45,Wolfgang,Lysaght,wlysaght18@elpais.com,Bigender,153.93.33.115,Ukraine,Ford
46,Tommy,Straw,tstraw19@yellowbook.com,Genderfluid,150.240.85.65,Iceland,Audi
47,Sherrie,Holmyard,sholmyard1a@mayoclinic.com,Genderqueer,100.162.147.230,Brazil,Acura
48,Friedrick,Python,fpython1b@blogtalkradio.com,Genderfluid,88.170.236.141,Poland,Ford
49,Consuelo,Scriven,cscriven1c@wikia.com,Non-binary,164.132.90.27,China,Oldsmobile
50,Devondra,Lambe,dlambe1d@ow.ly,Male,82.169.135.235,Peru,Toyota
51,Kirby,Hollingshead,khollingshead1e@answers.com,Genderqueer,22.125.155.146,Zambia,Mercury
52,Eldridge,Dobrowlski,edobrowlski1f@pagesperso-orange.fr,Female,168.166.200.177,Colombia,Hyundai
53,Francesco,Gregh,fgregh1g@networksolutions.com,Non-binary,80.82.121.16,Czech Republic,Lincoln
54,Virgie,Toolan,vtoolan1h@geocities.com,Genderfluid,137.139.20.2,China,Mitsubishi
55,Britteny,Cassimer,bcassimer1i@yellowbook.com,Genderfluid,207.175.153.79,South Korea,Infiniti
56,Christa,Gomm,cgomm1j@lycos.com,Agender,109.49.21.163,Indonesia,Chrysler
57,Agnesse,Jeffress,ajeffress1k@mapy.cz,Genderqueer,109.84.41.100,Brazil,Jeep
58,Robena,Ceresa,rceresa1l@csmonitor.com,Agender,199.218.61.167,Indonesia,Infiniti
59,Mervin,Sorby,msorby1m@ovh.net,Genderqueer,212.136.30.55,Austria,Plymouth
60,Anabel,Argyle,aargyle1n@google.co.jp,Bigender,130.211.150.213,Portugal,Saturn
61,Kathryne,Croome,kcroome1o@t.co,Non-binary,159.163.185.140,Gabon,Chevrolet
62,Ivor,Brimelow,ibrimelow1p@livejournal.com,Polygender,194.149.23.121,Canada,Cadillac
63,Marena,Cholwell,mcholwell1q@howstuffworks.com,Genderfluid,124.194.77.22,Indonesia,Chevrolet
64,Jay,Guinn,jguinn1r@a8.net,Genderqueer,36.113.179.232,Burkina Faso,Suzuki
65,Lenee,Staziker,lstaziker1s@archive.org,Agender,148.115.84.128,China,Mercedes-Benz
66,Elspeth,Grugerr,egrugerr1t@cmu.edu,Female,124.124.178.185,Russia,Jaguar
67,Wallis,Domke,wdomke1u@storify.com,Agender,10.241.149.30,Brazil,Mercury
68,Freemon,Girvan,fgirvan1v@arstechnica.com,Non-binary,45.23.126.180,Belarus,Ford
69,Norrie,Basham,nbasham1w@indiegogo.com,Genderqueer,150.66.134.141,Czech Republic,Honda
70,Kattie,Chace,kchace1x@phoca.cz,Agender,121.249.123.82,China,Lincoln
71,Sacha,Dudbridge,sdudbridge1y@sbwire.com,Male,179.92.226.107,France,Volkswagen
72,Ron,Woodvine,rwoodvine1z@joomla.org,Agender,38.235.56.127,Greece,Toyota
73,Fran,Niesel,fniesel20@prlog.org,Female,34.118.91.65,Brazil,Acura
74,Rosalie,Craggs,rcraggs21@google.ca,Genderqueer,20.57.233.209,Greece,Mazda
75,Delmar,Blackham,dblackham22@army.mil,Non-binary,183.241.98.118,Indonesia,Chevrolet
76,Kelley,Gittis,kgittis23@berkeley.edu,Bigender,41.251.253.78,Poland,Infiniti
77,Eilis,Malins,emalins24@i2i.jp,Genderqueer,157.123.1.223,Philippines,Chevrolet
78,Esta,Muat,emuat25@youtu.be,Male,86.72.21.162,United States,Ford
79,Adella,Lees,alees26@indiegogo.com,Female,75.0.143.80,Indonesia,Mercury
80,Deck,Petican,dpetican27@weebly.com,Genderqueer,11.10.176.173,Indonesia,Infiniti
81,Fletcher,Pemble,fpemble28@google.it,Genderfluid,120.85.26.194,Portugal,Pontiac
82,Terri,Liddard,tliddard29@trellian.com,Genderfluid,219.89.145.150,China,Suzuki
83,Gerard,Wellbelove,gwellbelove2a@umich.edu,Male,211.2.91.251,United States,Kia
84,Lucien,Reedie,lreedie2b@nps.gov,Genderfluid,101.231.157.138,Pakistan,Dodge
85,Burg,Savill,bsavill2c@gmpg.org,Female,20.26.173.192,Philippines,Ford
86,Paola,Habard,phabard2d@springer.com,Genderfluid,237.17.250.53,Japan,Mercedes-Benz
87,Les,Ropkins,lropkins2e@time.com,Genderfluid,119.60.149.232,Indonesia,Suzuki
88,Reid,Yarranton,ryarranton2f@biblegateway.com,Non-binary,76.224.7.177,Belarus,Buick
89,Shea,Lintall,slintall2g@istockphoto.com,Agender,91.233.97.203,Indonesia,Chevrolet
90,Ivory,Rabson,irabson2h@t.co,Female,253.202.85.42,Sweden,Nissan
91,Maribeth,Monini,mmonini2i@cisco.com,Non-binary,219.126.77.98,Canada,Lincoln
92,Viviana,Acutt,vacutt2j@pagesperso-orange.fr,Genderqueer,210.38.96.97,Ukraine,Hyundai
93,Dell,Fincken,dfincken2k@army.mil,Male,41.241.249.17,Portugal,Cadillac
94,Brennan,Crowth,bcrowth2l@blogs.com,Polygender,187.97.170.188,Portugal,Suzuki
95,Darill,Petschelt,dpetschelt2m@gnu.org,Male,199.165.12.98,Morocco,Honda
96,Madelle,Pilley,mpilley2n@so-net.ne.jp,Non-binary,234.158.28.218,Philippines,Suzuki
97,Vivienne,Antonias,vantonias2o@nhs.uk,Agender,98.127.22.19,Colombia,Chrysler
98,Ezra,Deniske,edeniske2p@howstuffworks.com,Agender,226.199.231.219,Netherlands,Acura
99,Benjamen,Klimek,bklimek2q@taobao.com,Agender,28.187.89.80,Brazil,Pontiac
100,Heather,Badsworth,hbadsworth2r@drupal.org,Female,243.143.42.45,Indonesia,Pontiac
101,Olivero,Sommers,osommers2s@shareasale.com,Female,89.67.93.120,Brazil,Chevrolet
102,Nana,Santino,nsantino2t@histats.com,Genderqueer,181.27.48.170,Japan,Jeep
103,Hyacintha,Scandrett,hscandrett2u@bigcartel.com,Genderfluid,53.37.207.101,Indonesia,Nissan
104,Donny,Petyt,dpetyt2v@amazon.de,Polygender,171.94.59.185,Sweden,Mazda
105,Ashli,Pratton,apratton2w@paginegialle.it,Bigender,185.104.201.174,Indonesia,Buick
106,Leland,Aneley,laneley2x@japanpost.jp,Non-binary,56.104.199.157,Indonesia,Dodge
107,Chrisy,Petry,cpetry2y@state.gov,Female,64.229.118.187,China,Acura
108,Hubey,Izacenko,hizacenko2z@livejournal.com,Agender,78.117.15.48,United States,Volkswagen
109,Nicol,Brackstone,nbrackstone30@google.com.hk,Genderqueer,60.70.56.158,China,Isuzu
110,Rafael,Cray,rcray31@jigsy.com,Female,162.28.156.223,Ukraine,Acura
111,Garvin,Riglesford,griglesford32@archive.org,Bigender,59.150.254.114,Tonga,Lexus
112,Kania,Sikorski,ksikorski33@sakura.ne.jp,Agender,200.78.226.17,Japan,Kia
113,Harv,Arstingall,harstingall34@nhs.uk,Female,193.208.60.117,Macedonia,Chevrolet
114,Rachael,Waldrum,rwaldrum35@google.com.hk,Bigender,17.178.74.236,Indonesia,Kia
115,Gaven,Itzig,gitzig36@so-net.ne.jp,Genderqueer,203.45.162.227,Brazil,Suzuki
116,Bobinette,Carwithan,bcarwithan37@washington.edu,Male,176.14.38.180,France,Hyundai
117,Aveline,Garmey,agarmey38@indiegogo.com,Male,253.109.153.158,Guinea-Bissau,Dodge
118,Dulcia,Krishtopaittis,dkrishtopaittis39@ucla.edu,Male,76.180.18.233,Gambia,Suzuki
119,Skip,Scorey,sscorey3a@mtv.com,Female,236.205.77.165,Guatemala,Saab
120,Chelsae,McEwen,cmcewen3b@comcast.net,Agender,100.91.23.127,United States,Lamborghini
121,Heda,McQuilty,hmcquilty3c@unicef.org,Genderqueer,244.0.130.169,Germany,Aston Martin
122,Carmencita,Tudbald,ctudbald3d@furl.net,Agender,227.150.238.130,Czech Republic,Toyota
123,Jenilee,Rookeby,jrookeby3e@topsy.com,Polygender,179.202.84.178,Portugal,Acura
124,Ivie,Owbrick,iowbrick3f@google.ru,Bigender,172.116.239.26,Sweden,Mazda
125,Faye,Maclaine,fmaclaine3g@tumblr.com,Male,123.199.240.33,China,Pontiac
126,Lelia,Sleith,lsleith3h@mac.com,Bigender,95.8.118.229,Peru,Kia
127,Alissa,Weigh,aweigh3i@buzzfeed.com,Genderfluid,48.3.154.58,Indonesia,Ford
128,Lilias,Balogun,lbalogun3j@cdbaby.com,Genderqueer,118.250.249.53,South Africa,Chevrolet
129,Bordie,Simonyi,bsimonyi3k@about.com,Male,176.171.76.182,France,Chrysler
130,Jeff,Clapston,jclapston3l@businessinsider.com,Genderqueer,173.23.37.127,Indonesia,Lincoln
131,Vincenty,Perrinchief,vperrinchief3m@narod.ru,Genderfluid,96.196.240.56,Philippines,Mercury
132,Karee,Anstey,kanstey3n@diigo.com,Polygender,169.93.52.234,Russia,Oldsmobile
133,Christoph,Banbridge,cbanbridge3o@msn.com,Polygender,157.225.128.202,Brazil,Ford
134,Thedric,Paolacci,tpaolacci3p@ycombinator.com,Bigender,24.152.38.25,France,Infiniti
135,Donall,More,dmore3q@altervista.org,Genderfluid,226.243.106.73,Pakistan,Maybach
136,Berni,Meenan,bmeenan3r@flickr.com,Non-binary,69.249.136.217,North Korea,Dodge
137,Ronny,Dell 'Orto,rdellorto3s@paypal.com,Bigender,196.107.73.223,Russia,Toyota
138,Alejoa,McDirmid,amcdirmid3t@acquirethisname.com,Bigender,103.140.9.244,Hungary,Ford
139,Janna,Merwood,jmerwood3u@nsw.gov.au,Polygender,153.128.246.151,Austria,Mercedes-Benz
140,Davita,Ledger,dledger3v@hugedomains.com,Bigender,6.177.192.3,France,Holden
141,Babs,Newlove,bnewlove3w@tamu.edu,Bigender,204.16.48.237,China,Dodge
142,Marylin,Biernat,mbiernat3x@pinterest.com,Polygender,129.223.59.32,Czech Republic,Ford
143,Kris,O'Dyvoie,kodyvoie3y@exblog.jp,Female,197.21.7.157,Czech Republic,Porsche
144,Tisha,Reape,treape3z@yandex.ru,Bigender,179.187.50.155,China,Mitsubishi
145,Giustina,Almeida,galmeida40@netlog.com,Genderfluid,38.255.225.182,Czech Republic,Aston Martin
146,Alanna,Hovel,ahovel41@bizjournals.com,Polygender,119.149.78.37,Venezuela,Honda
147,Albrecht,Flay,aflay42@quantcast.com,Bigender,196.89.143.151,Afghanistan,Jaguar
148,Donny,McGrory,dmcgrory43@ustream.tv,Non-binary,46.114.59.129,Tajikistan,Nissan
149,Mariya,Lawrence,mlawrence44@umn.edu,Female,47.129.139.241,Indonesia,Acura
150,Marcella,Baggett,mbaggett45@guardian.co.uk,Agender,62.60.153.123,China,Plymouth
151,Elnar,Slopier,eslopier46@ebay.com,Polygender,76.23.95.59,Poland,Mitsubishi
152,Shina,Trythall,strythall47@netlog.com,Genderqueer,18.136.9.87,Indonesia,Dodge
153,Felita,Leetham,fleetham48@webeden.co.uk,Non-binary,233.125.89.89,Ukraine,Ford
154,Bordy,Darwin,bdarwin49@google.it,Male,30.214.181.20,Brazil,Pontiac
155,Duffy,Michael,dmichael4a@instagram.com,Male,158.83.11.173,Brazil,Ford
156,Roxanne,Samweyes,rsamweyes4b@jigsy.com,Bigender,137.184.111.220,Argentina,Rolls-Royce
157,Byrann,Dreinan,bdreinan4c@businessinsider.com,Genderqueer,55.37.241.211,Greece,Honda
158,Zorine,Ezzle,zezzle4d@edublogs.org,Female,149.69.114.214,Poland,Audi
159,Carling,Pakeman,cpakeman4e@bloomberg.com,Genderqueer,255.179.192.134,Albania,Audi
160,Tandi,Royson,troyson4f@tuttocitta.it,Genderfluid,229.178.186.148,Italy,Chevrolet
161,Marget,Jansema,mjansema4g@cdbaby.com,Bigender,35.197.233.27,Indonesia,Bentley
162,Gav,Gammack,ggammack4h@addthis.com,Non-binary,208.239.207.9,Paraguay,Saab
163,Benedicto,Redsull,bredsull4i@msu.edu,Female,89.19.88.92,Liberia,Hummer
164,Melitta,Mate,mmate4j@mediafire.com,Non-binary,188.58.29.201,Philippines,Chrysler
165,Ynez,Kleynen,ykleynen4k@mediafire.com,Agender,31.159.227.225,Sweden,Infiniti
166,Shandie,Ludlam,sludlam4l@4shared.com,Non-binary,240.245.184.55,Russia,Chevrolet
167,Alane,Riddle,ariddle4m@mapquest.com,Bigender,253.40.105.107,China,Dodge
168,Mattie,Le Claire,mleclaire4n@opensource.org,Female,181.251.111.87,Indonesia,Lexus
169,Drucie,Cancutt,dcancutt4o@toplist.cz,Bigender,54.153.60.53,China,Pontiac
170,Gilles,Windridge,gwindridge4p@miitbeian.gov.cn,Non-binary,232.83.250.212,Libya,Mazda
171,Eduardo,Fones,efones4q@elegantthemes.com,Genderfluid,203.52.58.220,Netherlands,Volkswagen
172,Roby,Maciaszek,rmaciaszek4r@china.com.cn,Bigender,130.84.68.228,Indonesia,Kia
173,Taber,Fearnehough,tfearnehough4s@thetimes.co.uk,Polygender,115.57.210.223,Poland,Porsche
174,Yehudi,Dwelley,ydwelley4t@sbwire.com,Non-binary,121.49.176.188,China,Austin
175,Clary,Mager,cmager4u@gizmodo.com,Polygender,197.47.112.240,Indonesia,Mazda
176,Neysa,Spacy,nspacy4v@acquirethisname.com,Male,127.59.124.67,Portugal,Ford
177,Sylas,Goodboddy,sgoodboddy4w@fda.gov,Polygender,159.11.203.220,Afghanistan,Toyota
178,Allie,Robelin,arobelin4x@oakley.com,Polygender,252.111.128.213,Colombia,Hyundai
179,Theresa,Wiffield,twiffield4y@ehow.com,Female,191.204.212.37,China,Jaguar
180,Karola,Chapellow,kchapellow4z@pagesperso-orange.fr,Male,16.132.212.119,China,Honda
181,Harmonia,Hassen,hhassen50@wp.com,Agender,94.155.240.159,Indonesia,Bentley
182,Keenan,Van Dalen,kvandalen51@privacy.gov.au,Polygender,135.48.58.165,Argentina,Ford
183,Cleo,Cinelli,ccinelli52@blogs.com,Agender,62.11.170.98,Venezuela,Lincoln
184,Willie,O'Mailey,womailey53@arstechnica.com,Agender,56.61.233.205,Armenia,Mercedes-Benz
185,Meir,Sandwith,msandwith54@flickr.com,Non-binary,4.81.158.56,Russia,Chevrolet
186,Gladys,Brasted,gbrasted55@nifty.com,Genderfluid,113.159.247.26,Thailand,Saab
187,Dominga,Pauletto,dpauletto56@fda.gov,Genderqueer,91.7.1.11,Spain,Ford
188,Olive,Mityukov,omityukov57@hubpages.com,Genderqueer,105.175.202.42,China,Chevrolet
189,Ricky,Josephi,rjosephi58@weather.com,Bigender,205.100.204.27,Brazil,Lexus
190,Dayle,Perigoe,dperigoe59@hubpages.com,Polygender,163.178.45.59,China,Cadillac
191,Guthrey,Bichard,gbichard5a@netscape.com,Bigender,27.53.34.242,Latvia,Mazda
192,Cathlene,Dominichetti,cdominichetti5b@tamu.edu,Genderqueer,106.9.120.41,Mexico,Honda
193,Thornie,Tulley,ttulley5c@bloomberg.com,Genderfluid,111.149.202.126,Indonesia,Chevrolet
194,Portia,Waldocke,pwaldocke5d@cdbaby.com,Male,36.187.225.163,Portugal,Nissan
195,Odie,Perago,operago5e@google.fr,Agender,225.104.36.238,Mexico,Lexus
196,Hilda,Maria,hmaria5f@mit.edu,Bigender,156.226.217.159,Palau,Hyundai
197,Vinnie,Brodbin,vbrodbin5g@infoseek.co.jp,Bigender,206.99.224.107,Brazil,Chevrolet
198,Sinclare,Zuppa,szuppa5h@biglobe.ne.jp,Female,111.15.190.146,Mexico,Toyota
199,Arch,Brood,abrood5i@biblegateway.com,Polygender,86.53.207.188,Poland,BMW
200,Olwen,Delort,odelort5j@symantec.com,Male,162.74.112.229,Russia,Jaguar
201,Kylynn,Grzegorczyk,kgrzegorczyk5k@ifeng.com,Male,251.230.150.166,Ethiopia,Porsche
202,Ariel,Eatttok,aeatttok5l@ning.com,Polygender,30.178.57.123,Portugal,Mercedes-Benz
203,Delphine,Adney,dadney5m@google.pl,Male,112.188.244.69,China,GMC
204,Merrel,Cornilleau,mcornilleau5n@disqus.com,Non-binary,2.58.144.93,Slovenia,Toyota
205,Sam,Sampson,ssampson5o@cnn.com,Female,141.190.142.9,Indonesia,Oldsmobile
206,Saunderson,Cockell,scockell5p@nih.gov,Agender,207.187.18.117,Japan,Chrysler
207,Lizzy,Cluitt,lcluitt5q@intel.com,Genderfluid,177.169.238.8,Russia,Nissan
208,Dun,Melley,dmelley5r@cornell.edu,Bigender,184.15.86.119,Indonesia,Chevrolet
209,Taddeusz,Macken,tmacken5s@hc360.com,Bigender,164.204.201.29,China,Ford
210,Jackie,Brittles,jbrittles5t@economist.com,Non-binary,166.192.217.145,Guatemala,Pontiac
211,Aurlie,Dollman,adollman5u@linkedin.com,Agender,164.13.250.141,Thailand,Ford
212,Ginnifer,Joddins,gjoddins5v@google.cn,Non-binary,206.1.11.110,Nigeria,Ford
213,Cristie,Hucklesby,chucklesby5w@yahoo.co.jp,Genderqueer,134.169.96.107,Germany,Saab
214,Anabal,Camelli,acamelli5x@ebay.com,Polygender,15.139.64.16,Yemen,Lexus
215,Martyn,Skarr,mskarr5y@behance.net,Female,57.99.161.40,Luxembourg,Dodge
216,Belva,Sheerman,bsheerman5z@ycombinator.com,Genderqueer,30.9.143.217,Kazakhstan,GMC
217,Karee,Nickolls,knickolls60@si.edu,Genderqueer,254.235.163.121,China,Dodge
218,Tiphani,Hansom,thansom61@ow.ly,Agender,5.19.77.88,China,Maybach
219,Sabra,Markus,smarkus62@nbcnews.com,Genderfluid,150.162.121.30,Tanzania,Jeep
220,Malcolm,Lamperd,mlamperd63@yahoo.co.jp,Genderfluid,173.51.213.71,China,Chevrolet
221,Laurel,Valadez,lvaladez64@homestead.com,Non-binary,71.184.38.113,China,Audi
222,Art,Pollen,apollen65@techcrunch.com,Genderfluid,12.19.40.84,Brazil,Chevrolet
223,Win,Calan,wcalan66@hexun.com,Polygender,201.241.9.185,Japan,BMW
224,Nerti,Iczokvitz,niczokvitz67@opensource.org,Non-binary,23.43.132.193,Bulgaria,GMC
225,Teresa,Ziebart,tziebart68@china.com.cn,Female,246.31.110.175,Poland,Toyota
226,Edouard,Jess,ejess69@e-recht24.de,Polygender,57.72.254.64,Peru,Chevrolet
227,Cori,Dumingos,cdumingos6a@imdb.com,Male,166.141.0.242,Vietnam,Mitsubishi
228,Dorise,Feldharker,dfeldharker6b@is.gd,Non-binary,239.246.17.33,Finland,Kia
229,Lynn,Lanmeid,llanmeid6c@ted.com,Female,25.130.20.122,Portugal,MINI
230,Anthiathia,Cummungs,acummungs6d@qq.com,Bigender,219.9.107.252,Colombia,Mazda
231,Terrance,Wibberley,twibberley6e@lulu.com,Genderqueer,138.0.15.76,Philippines,Jeep
232,Federico,Gierke,fgierke6f@github.com,Non-binary,89.248.255.97,China,Lincoln
233,Krishnah,Padbury,kpadbury6g@aol.com,Agender,144.43.147.29,Tunisia,Chevrolet
234,Von,Kruschev,vkruschev6h@amazonaws.com,Genderfluid,11.149.13.172,France,Mazda
235,Toby,Hassen,thassen6i@loc.gov,Male,79.128.212.47,Canada,Mercedes-Benz
236,Maggee,Donson,mdonson6j@reddit.com,Female,36.112.71.244,Palestinian Territory,Mercedes-Benz
237,Terrye,Scare,tscare6k@xinhuanet.com,Female,102.170.235.158,South Africa,Chevrolet
238,Pegeen,Aleso,paleso6l@blogs.com,Genderfluid,90.252.144.215,Tunisia,Volkswagen
239,Shauna,Minchinton,sminchinton6m@oracle.com,Non-binary,204.153.240.239,Czech Republic,Ford
240,Darnell,Peregrine,dperegrine6n@census.gov,Polygender,16.51.33.106,Philippines,Pontiac
241,Reggis,Nowak,rnowak6o@cloudflare.com,Male,205.31.236.144,Indonesia,Honda
242,Merwyn,Irnys,mirnys6p@reference.com,Genderqueer,77.147.207.54,China,Ford
243,Athene,Bartolomivis,abartolomivis6q@sfgate.com,Female,41.68.241.6,Thailand,Hyundai
244,Gunther,D'Alwis,gdalwis6r@oakley.com,Non-binary,58.71.5.134,Portugal,Ford
245,Tricia,Flieger,tflieger6s@bbb.org,Genderfluid,190.113.132.110,Czech Republic,Land Rover
246,Channa,Poulett,cpoulett6t@tuttocitta.it,Genderqueer,246.186.72.229,Philippines,Mercury
247,Harmon,Mellers,hmellers6u@parallels.com,Male,221.10.234.154,Philippines,Chevrolet
248,Lilias,Howen,lhowen6v@taobao.com,Polygender,111.80.58.231,China,Mitsubishi
249,Maye,Dowse,mdowse6w@goo.gl,Female,135.7.7.161,Philippines,Oldsmobile
250,Kim,Jelk,kjelk6x@comsenz.com,Genderqueer,155.129.102.27,Brazil,GMC
251,Zebulen,Wittey,zwittey6y@pbs.org,Genderfluid,29.228.25.233,Latvia,BMW
252,Martita,Smullen,msmullen6z@dedecms.com,Female,246.246.18.128,Argentina,Mazda
253,Fraser,Crum,fcrum70@quantcast.com,Male,47.220.163.65,Sweden,Pontiac
254,Mehetabel,Dilrew,mdilrew71@123-reg.co.uk,Genderqueer,142.95.231.178,Ivory Coast,Studebaker
255,Niels,Meier,nmeier72@altervista.org,Genderfluid,201.10.26.122,United States,Infiniti
256,Arnuad,Summergill,asummergill73@shareasale.com,Agender,205.45.107.97,Sweden,GMC
257,Cy,Bulch,cbulch74@wisc.edu,Agender,138.21.122.123,Rwanda,Mitsubishi
258,Barbara,Landreth,blandreth75@rediff.com,Female,16.232.206.203,Portugal,Mercedes-Benz
259,Gabby,Baumber,gbaumber76@opera.com,Agender,39.136.16.132,China,Mercedes-Benz
260,Marlin,Pimme,mpimme77@amazon.co.uk,Agender,200.151.228.108,Latvia,Volkswagen
261,Kimberley,Curryer,kcurryer78@hatena.ne.jp,Female,211.92.232.88,Indonesia,Buick
262,Carlos,O'Drought,codrought79@ehow.com,Female,90.48.231.108,China,Geo
263,Letti,Rivaland,lrivaland7a@cmu.edu,Genderqueer,126.227.88.155,China,Mercedes-Benz
264,Jayme,Bursnall,jbursnall7b@toplist.cz,Agender,34.116.233.172,Sweden,Cadillac
265,Jocelyn,Gulliman,jgulliman7c@wufoo.com,Genderqueer,123.145.176.38,Russia,Toyota
266,Alec,Carlaw,acarlaw7d@gizmodo.com,Genderqueer,56.225.205.187,Palestinian Territory,Ford
267,Doralynne,Varvell,dvarvell7e@who.int,Non-binary,96.152.237.245,Philippines,GMC
268,Lief,Spick,lspick7f@kickstarter.com,Agender,51.236.23.30,Sweden,Acura
269,Shana,Divall,sdivall7g@jigsy.com,Bigender,237.251.145.49,Uzbekistan,Hyundai
270,Neely,Penson,npenson7h@sakura.ne.jp,Male,69.226.43.118,Colombia,Mercury
271,Andriette,Brilleman,abrilleman7i@meetup.com,Female,234.122.67.37,China,Lamborghini
272,Gareth,Hooban,ghooban7j@nba.com,Female,176.220.20.58,Finland,Ford
273,Henri,Luparti,hluparti7k@list-manage.com,Bigender,176.26.173.166,Brazil,Toyota
274,Gal,Totterdill,gtotterdill7l@theguardian.com,Genderqueer,184.198.158.142,Indonesia,GMC
275,Phylis,Lamanby,plamanby7m@sina.com.cn,Genderqueer,30.194.169.35,Taiwan,Mercedes-Benz
276,Shanie,Simeonov,ssimeonov7n@google.fr,Female,73.38.71.3,Kosovo,Mercedes-Benz
277,Lincoln,Wofenden,lwofenden7o@forbes.com,Genderfluid,210.25.191.252,China,Ford
278,Hedvig,Costa,hcosta7p@tiny.cc,Polygender,185.85.255.240,Russia,Lincoln
279,Tucky,Jammes,tjammes7q@list-manage.com,Male,116.49.200.81,Democratic Republic of the Congo,Toyota
280,Mickie,Billion,mbillion7r@vkontakte.ru,Genderqueer,71.111.121.194,Greece,Cadillac
281,Livvie,Awmack,lawmack7s@wp.com,Genderqueer,237.239.140.169,Lithuania,Chevrolet
282,Garek,Horrigan,ghorrigan7t@economist.com,Male,164.5.205.5,Russia,Eagle
283,Germaine,Keppin,gkeppin7u@elegantthemes.com,Polygender,179.45.114.177,France,Kia
284,Aime,Daout,adaout7v@yandex.ru,Bigender,146.61.194.15,Mexico,Saab
285,Faith,Simka,fsimka7w@t.co,Non-binary,100.157.2.34,Sweden,Land Rover
286,Mercy,Barber,mbarber7x@wsj.com,Agender,249.213.132.202,China,Lincoln
287,Bank,Lister,blister7y@sourceforge.net,Genderqueer,50.223.187.254,Sweden,Honda
288,Onfre,Butcher,obutcher7z@gmpg.org,Female,200.77.167.66,China,Mazda
289,Jena,Impey,jimpey80@marriott.com,Polygender,168.143.5.98,Indonesia,Jaguar
290,Ailene,Cradock,acradock81@tumblr.com,Male,147.30.100.55,Palestinian Territory,Ford
291,Michele,Machen,mmachen82@delicious.com,Male,35.135.148.187,China,Dodge
292,Brooke,Ochiltree,bochiltree83@opensource.org,Polygender,148.229.110.120,Poland,Mercedes-Benz
293,Willey,Keohane,wkeohane84@zdnet.com,Genderqueer,61.2.45.19,Portugal,Dodge
294,Gayle,Van der Kruijs,gvanderkruijs85@cnbc.com,Male,208.186.17.139,Russia,Dodge
295,Kary,Putman,kputman86@vistaprint.com,Genderqueer,39.180.153.10,Poland,Nissan
296,Mort,Hadgkiss,mhadgkiss87@baidu.com,Female,220.17.255.170,Belarus,Bentley
297,Shalne,Buntin,sbuntin88@nifty.com,Agender,137.11.160.40,Honduras,Suzuki
298,Christal,Beaumont,cbeaumont89@businessweek.com,Bigender,235.132.75.133,Brazil,Lexus
299,Nancee,Alwood,nalwood8a@about.me,Polygender,86.62.161.15,China,Kia
300,Nickolai,D'Souza,ndsouza8b@tinyurl.com,Agender,187.103.160.200,Dominican Republic,Mitsubishi
301,Berty,Penella,bpenella8c@blinklist.com,Female,187.51.147.131,Indonesia,Ford
302,Nonna,Avramovic,navramovic8d@sina.com.cn,Agender,62.81.103.189,France,Ford
303,Rollin,Tumulty,rtumulty8e@npr.org,Polygender,16.227.10.9,Italy,Ford
304,Estelle,Creaney,ecreaney8f@amazon.com,Female,201.195.168.192,China,Land Rover
305,Thacher,Gherardesci,tgherardesci8g@wunderground.com,Bigender,47.171.59.70,Indonesia,Chevrolet
306,Vyky,Jahnel,vjahnel8h@51.la,Male,91.107.127.115,Poland,Oldsmobile
307,Beale,Farress,bfarress8i@nyu.edu,Agender,148.115.63.60,Thailand,Nissan
308,Everard,Novotna,enovotna8j@dell.com,Non-binary,216.115.233.33,Pakistan,Pontiac
309,Grady,Glanert,gglanert8k@tuttocitta.it,Male,156.0.99.108,Thailand,Audi
310,Krissie,Roswarne,kroswarne8l@reuters.com,Genderfluid,157.221.25.103,Philippines,Saturn
311,Aggy,Seacroft,aseacroft8m@time.com,Male,77.133.62.241,Indonesia,Mercury
312,Beth,Niezen,bniezen8n@ocn.ne.jp,Genderqueer,92.23.204.141,Spain,Subaru
313,Moll,Klimochkin,mklimochkin8o@a8.net,Agender,46.10.194.155,Japan,Scion
314,Margret,Dowling,mdowling8p@1und1.de,Polygender,32.252.255.134,China,Hummer
315,My,Odam,modam8q@alexa.com,Genderfluid,149.222.179.44,China,Nissan
316,Fernanda,Snasdell,fsnasdell8r@twitter.com,Agender,19.141.7.149,Philippines,Chevrolet
317,Bonny,Spikeings,bspikeings8s@sina.com.cn,Genderqueer,136.196.173.133,Poland,Mitsubishi
318,Dayna,Fruin,dfruin8t@netvibes.com,Polygender,129.107.139.88,Nigeria,Subaru
319,Felizio,Naile,fnaile8u@hp.com,Non-binary,236.111.160.148,Cuba,Dodge
320,Lorne,Gable,lgable8v@hugedomains.com,Non-binary,77.205.204.22,Indonesia,Porsche
321,Gareth,Hurring,ghurring8w@sciencedirect.com,Agender,212.21.51.116,China,Hyundai
322,Pen,de Quincey,pdequincey8x@sourceforge.net,Genderfluid,40.124.139.21,Russia,Cadillac
323,Jacquelin,Scanterbury,jscanterbury8y@livejournal.com,Female,219.141.151.172,Philippines,Eagle
324,Sylvan,Lethley,slethley8z@phoca.cz,Bigender,201.74.146.152,Indonesia,Mitsubishi
325,Birdie,Marin,bmarin90@amazonaws.com,Genderfluid,84.246.95.160,France,Dodge
326,Hoyt,Bikker,hbikker91@ucoz.com,Agender,216.77.179.170,Palestinian Territory,Hyundai
327,Johannah,Espasa,jespasa92@sina.com.cn,Genderqueer,80.111.169.103,Russia,Ford
328,Kayla,Osman,kosman93@ifeng.com,Male,181.156.163.194,Portugal,Pontiac
329,Josselyn,Lovejoy,jlovejoy94@google.de,Bigender,192.80.180.226,South Africa,Toyota
330,Marcela,Ashcroft,mashcroft95@wufoo.com,Non-binary,126.255.173.130,Yemen,Chevrolet
331,Ulrica,Aldwich,ualdwich96@flickr.com,Genderfluid,220.30.40.0,Palestinian Territory,Ford
332,Annmarie,Pyrke,apyrke97@wix.com,Polygender,119.216.183.96,Albania,Chevrolet
333,Glenden,Sebrook,gsebrook98@people.com.cn,Female,254.204.44.73,Ukraine,Ford
334,Patsy,Levecque,plevecque99@auda.org.au,Genderqueer,107.245.31.123,Peru,Mercedes-Benz
335,Michal,Jaffra,mjaffra9a@si.edu,Genderfluid,177.40.28.204,Indonesia,Chevrolet
336,Nils,Dilliway,ndilliway9b@msn.com,Male,88.147.19.6,Lebanon,Volvo
337,Shelley,Elcom,selcom9c@shop-pro.jp,Male,237.71.215.204,Ivory Coast,Isuzu
338,Franklin,Fashion,ffashion9d@qq.com,Polygender,205.10.93.70,China,Mercedes-Benz
339,Jacquie,Malcolmson,jmalcolmson9e@upenn.edu,Agender,85.221.84.201,Mexico,Toyota
340,Jesselyn,Emlen,jemlen9f@businessweek.com,Non-binary,48.249.222.181,Portugal,BMW
341,Gracie,Daybell,gdaybell9g@free.fr,Bigender,233.195.162.220,Canada,Toyota
342,Lilith,O'Connolly,loconnolly9h@google.com,Non-binary,177.119.142.108,Germany,Jaguar
343,Adelbert,Spatoni,aspatoni9i@senate.gov,Non-binary,94.118.178.0,Sweden,BMW
344,Binnie,Likely,blikely9j@cnet.com,Female,3.207.2.203,Colombia,Alfa Romeo
345,Stanford,Lydden,slydden9k@facebook.com,Genderqueer,138.6.88.145,Germany,Chevrolet
346,Nikolai,Trusse,ntrusse9l@google.cn,Male,230.219.77.44,China,Ford
347,Bendick,Hardeman,bhardeman9m@timesonline.co.uk,Genderfluid,128.161.99.163,Russia,Dodge
348,Leonora,Varns,lvarns9n@usa.gov,Genderfluid,50.195.33.118,Brazil,Volkswagen
349,Ryan,Dellar,rdellar9o@amazonaws.com,Non-binary,213.75.190.232,Sweden,Dodge
350,Foss,Pavlov,fpavlov9p@buzzfeed.com,Genderqueer,5.213.228.129,Indonesia,Mercedes-Benz
351,Merrielle,Hendonson,mhendonson9q@sina.com.cn,Genderqueer,94.35.197.24,Indonesia,GMC
352,Stephanie,Domnick,sdomnick9r@slashdot.org,Genderfluid,145.100.93.191,Albania,Subaru
353,Berkie,Bellworthy,bbellworthy9s@godaddy.com,Agender,137.71.232.162,Portugal,Ford
354,Harri,Duchant,hduchant9t@mozilla.com,Female,243.104.87.80,Russia,GMC
355,Auguste,Mullinder,amullinder9u@phpbb.com,Polygender,155.18.53.98,Philippines,Subaru
356,Francois,Ever,fever9v@wisc.edu,Agender,204.182.170.93,China,Mitsubishi
357,Keeley,Gensavage,kgensavage9w@simplemachines.org,Agender,36.230.149.116,Indonesia,Lexus
358,Ashely,Crocetti,acrocetti9x@spotify.com,Genderfluid,42.196.234.99,Macedonia,Hyundai
359,Sheree,Van Baaren,svanbaaren9y@netlog.com,Agender,40.67.142.72,Indonesia,Subaru
360,Lily,Snoad,lsnoad9z@123-reg.co.uk,Non-binary,225.146.111.92,China,Volkswagen
361,Killy,Lowle,klowlea0@constantcontact.com,Agender,149.137.204.145,Madagascar,Honda
362,Kurt,Browne,kbrownea1@cbslocal.com,Male,66.174.127.16,Bangladesh,Cadillac
363,Lyndell,Charley,lcharleya2@51.la,Genderqueer,22.209.29.64,Cuba,Dodge
364,Susi,Pincott,spincotta3@gmpg.org,Male,130.232.161.186,Maldives,GMC
365,Shay,Spooner,sspoonera4@bizjournals.com,Genderfluid,138.200.11.166,Central African Republic,Buick
366,Esta,McKirton,emckirtona5@princeton.edu,Female,81.88.31.103,Indonesia,Mitsubishi
367,Timothee,Blazynski,tblazynskia6@spotify.com,Polygender,84.213.18.163,Nigeria,Dodge
368,Britte,McCrea,bmccreaa7@spiegel.de,Male,89.191.170.126,Indonesia,Cadillac
369,Tedd,Tewkesberrie,ttewkesberriea8@nasa.gov,Polygender,113.24.85.246,Russia,Acura
370,Rafi,Zelland,rzellanda9@hugedomains.com,Non-binary,195.64.93.252,Sweden,Toyota
371,Merola,Stringer,mstringeraa@blog.com,Genderfluid,154.244.196.37,Thailand,Ford
372,Madel,Goudard,mgoudardab@pagesperso-orange.fr,Female,175.21.153.98,Peru,Dodge
373,Broddy,De Hailes,bdehailesac@godaddy.com,Female,232.224.182.50,China,Toyota
374,Fitzgerald,Top,ftopad@ebay.co.uk,Polygender,54.45.153.170,United States,Chevrolet
375,Samson,Ferraro,sferraroae@nasa.gov,Non-binary,43.184.220.210,Malawi,Ford
376,Allyson,Signoret,asignoretaf@sun.com,Bigender,28.109.36.121,United States,Chevrolet
377,Danie,Whickman,dwhickmanag@pen.io,Female,206.110.92.178,Nigeria,Mercedes-Benz
378,Mellisa,Currall,mcurrallah@opensource.org,Female,158.185.78.181,Russia,Mercedes-Benz
379,Dukie,Izzett,dizzettai@ucoz.ru,Female,2.155.221.106,Brazil,BMW
380,Guido,Ackroyd,gackroydaj@163.com,Genderfluid,114.165.175.106,Egypt,Hyundai
381,Renie,Ruspine,rruspineak@last.fm,Genderqueer,29.37.224.255,Indonesia,Toyota
382,Alysia,Locker,alockeral@istockphoto.com,Genderqueer,209.217.226.117,Ecuador,Volkswagen
383,Vivi,Margeram,vmargeramam@amazon.com,Bigender,71.68.6.227,Canada,Lexus
384,Samantha,Rainsbury,srainsburyan@edublogs.org,Female,157.9.215.202,Tunisia,Chevrolet
385,Parrnell,O'Fearguise,pofearguiseao@163.com,Female,53.114.114.224,Indonesia,Dodge
386,Carmencita,Le Strange,clestrangeap@wix.com,Polygender,77.10.244.156,Indonesia,Porsche
387,Jackquelin,Cardew,jcardewaq@yolasite.com,Bigender,42.23.120.156,Cuba,Toyota
388,Bennie,Rewcastle,brewcastlear@mail.ru,Agender,94.186.168.167,Kazakhstan,Mazda
389,Foster,Raye,frayeas@soundcloud.com,Polygender,241.104.169.186,Canada,Honda
390,Ali,Wells,awellsat@ed.gov,Genderfluid,146.39.132.112,United States,Buick
391,Darryl,Panner,dpannerau@zimbio.com,Agender,196.196.127.99,Trinidad and Tobago,Ferrari
392,Inga,Manwaring,imanwaringav@shutterfly.com,Non-binary,64.219.130.147,Morocco,Lincoln
393,Fabiano,Dradey,fdradeyaw@umich.edu,Female,170.233.178.231,Indonesia,Dodge
394,Lezlie,Kennion,lkennionax@accuweather.com,Female,217.139.202.180,Ukraine,Toyota
395,Barry,Steane,bsteaneay@ebay.com,Non-binary,57.169.255.84,Canada,Jaguar
396,Noak,Donoghue,ndonoghueaz@freewebs.com,Female,245.244.224.4,Cyprus,Dodge
397,Tyne,Fawbert,tfawbertb0@ebay.co.uk,Non-binary,147.167.138.218,Indonesia,BMW
398,Olivier,Wealleans,owealleansb1@clickbank.net,Genderfluid,219.191.33.11,Czech Republic,Infiniti
399,Winfield,Leil,wleilb2@moonfruit.com,Bigender,138.54.202.65,Colombia,Infiniti
400,Ekaterina,Bartocci,ebartoccib3@cyberchimps.com,Male,116.187.97.54,Malaysia,Chevrolet
401,Clay,Prosser,cprosserb4@shutterfly.com,Non-binary,215.58.47.8,Colombia,Mitsubishi
402,Stanford,Bonney,sbonneyb5@ning.com,Genderqueer,199.149.51.182,Poland,Mitsubishi
403,Kandace,Searsby,ksearsbyb6@wordpress.org,Agender,85.47.119.37,Portugal,Volvo
404,Shandeigh,Arstingall,sarstingallb7@fc2.com,Genderqueer,181.89.109.234,Portugal,Kia
405,Hyacinthe,Van Leijs,hvanleijsb8@salon.com,Agender,169.184.239.166,Philippines,Chevrolet
406,Lorna,Izacenko,lizacenkob9@1688.com,Bigender,124.174.69.223,China,Pontiac
407,Lynnet,Flobert,lflobertba@sbwire.com,Non-binary,1.176.86.55,Jordan,Toyota
408,Almira,Willshere,awillsherebb@rakuten.co.jp,Male,50.158.170.110,Sweden,Mercury
409,Adriana,Quilleash,aquilleashbc@ftc.gov,Genderfluid,111.4.169.154,Serbia,Mazda
410,Eugenius,Heppenspall,eheppenspallbd@flavors.me,Polygender,235.24.181.135,Indonesia,Mercedes-Benz
411,Randolf,Do,rdobe@pen.io,Non-binary,179.232.233.25,Brazil,Nissan
412,Benny,Abbyss,babbyssbf@wired.com,Genderfluid,240.245.69.177,China,Maybach
413,Bettina,Di Francesco,bdifrancescobg@pbs.org,Polygender,250.25.56.208,Brazil,Chevrolet
414,Nappie,Schall,nschallbh@twitpic.com,Male,31.238.231.35,Argentina,GMC
415,Maggie,Doutch,mdoutchbi@mac.com,Polygender,228.88.198.219,Portugal,Buick
416,Olvan,Jelkes,ojelkesbj@parallels.com,Non-binary,190.143.223.81,China,Nissan
417,Richie,Rowter,rrowterbk@auda.org.au,Agender,52.222.144.100,China,Isuzu
418,Ryann,Rival,rrivalbl@omniture.com,Non-binary,68.38.32.160,Sweden,Ford
419,Sharlene,Fayne,sfaynebm@e-recht24.de,Bigender,190.232.190.196,Palau,Porsche
420,Odelle,Bechley,obechleybn@ted.com,Polygender,214.247.116.112,Vietnam,GMC
421,Darren,Danilchik,ddanilchikbo@oaic.gov.au,Bigender,151.215.112.171,Philippines,Chevrolet
422,Annis,Poundford,apoundfordbp@google.it,Female,69.206.251.221,Indonesia,BMW
423,Leslie,Croome,lcroomebq@tamu.edu,Female,97.20.254.235,South Korea,Volkswagen
424,Elvin,Tomala,etomalabr@163.com,Bigender,94.255.29.135,Tanzania,Ford
425,Thalia,Chupin,tchupinbs@wiley.com,Polygender,178.94.57.241,Philippines,Chrysler
426,Al,Jillard,ajillardbt@storify.com,Genderqueer,2.199.209.57,China,Mercedes-Benz
427,Giovanni,Bashford,gbashfordbu@foxnews.com,Bigender,95.234.196.42,Hungary,Toyota
428,Kipp,Kondratyuk,kkondratyukbv@sphinn.com,Male,155.137.110.11,China,Buick
429,Matthaeus,Pierse,mpiersebw@sitemeter.com,Female,57.106.121.39,Afghanistan,Lexus
430,Eryn,Stedson,estedsonbx@latimes.com,Polygender,167.75.176.43,Argentina,Geo
431,Fulvia,Szimon,fszimonby@fema.gov,Genderfluid,54.242.109.103,China,Plymouth
432,Matilda,Penning,mpenningbz@vinaora.com,Genderfluid,247.212.69.146,Poland,Mitsubishi
433,Cullan,Cowpland,ccowplandc0@bluehost.com,Genderqueer,25.38.188.87,Nicaragua,Cadillac
434,Ediva,Pilpovic,epilpovicc1@sourceforge.net,Non-binary,156.249.9.108,Poland,MINI
435,Mollie,Aleksidze,maleksidzec2@stanford.edu,Agender,255.177.172.229,Philippines,Ford
436,Lyle,Truter,ltruterc3@blogtalkradio.com,Male,84.160.170.180,Malaysia,Dodge
437,Nollie,Bilton,nbiltonc4@twitter.com,Agender,186.198.200.226,China,Buick
438,Olenka,Saye,osayec5@shutterfly.com,Non-binary,47.207.201.78,Sweden,Buick
439,Meta,Parramore,mparramorec6@baidu.com,Non-binary,172.232.128.248,Brazil,Mazda
440,Rosalinde,Boulds,rbouldsc7@jiathis.com,Male,157.215.43.99,Ukraine,Honda
441,Annalise,Teers,ateersc8@marriott.com,Genderqueer,165.192.196.20,France,Volvo
442,Audie,MacGorrie,amacgorriec9@privacy.gov.au,Polygender,99.43.193.126,Japan,Audi
443,Fay,Sijmons,fsijmonsca@senate.gov,Female,14.222.7.99,Serbia,Volkswagen
444,Hyacinthia,Wilmington,hwilmingtoncb@123-reg.co.uk,Female,40.180.58.45,Kenya,Mitsubishi
445,Derby,Guillard,dguillardcc@nyu.edu,Bigender,176.111.106.200,China,Honda
446,Terrijo,MacDonagh,tmacdonaghcd@tripadvisor.com,Male,34.198.220.65,Brazil,Mercedes-Benz
447,Adara,Antusch,aantuschce@home.pl,Polygender,232.128.137.138,Sweden,Mitsubishi
448,Burton,Hedgeley,bhedgeleycf@usatoday.com,Genderfluid,132.123.242.239,China,Lincoln
449,Gwenni,Vasyaev,gvasyaevcg@ted.com,Male,77.112.147.44,Russia,Buick
450,Katya,Windless,kwindlessch@1und1.de,Female,105.112.137.237,Pakistan,Porsche
451,Karlotte,Espadate,kespadateci@booking.com,Female,62.83.128.240,France,Plymouth
452,Sherlocke,Downton,sdowntoncj@posterous.com,Genderqueer,163.130.1.232,Luxembourg,Chevrolet
453,Loralee,Ormiston,lormistonck@csmonitor.com,Genderqueer,7.47.136.69,Syria,Toyota
454,Ciro,Dunrige,cdunrigecl@reference.com,Agender,243.186.91.230,Indonesia,Chevrolet
455,Layne,Gosneye,lgosneyecm@buzzfeed.com,Non-binary,6.93.57.58,Indonesia,Honda
456,Griff,McGeorge,gmcgeorgecn@csmonitor.com,Genderfluid,96.233.178.11,Brazil,Buick
457,Charmaine,Lake,clakeco@t-online.de,Genderfluid,135.195.244.151,South Africa,Toyota
458,Corny,Glabach,cglabachcp@aboutads.info,Genderfluid,206.117.72.213,Russia,Land Rover
459,Mordy,Guilleton,mguilletoncq@cargocollective.com,Bigender,80.226.42.145,Portugal,GMC
460,Derby,Ramalhete,dramalhetecr@comsenz.com,Polygender,36.128.41.252,Guatemala,Saab
461,Bailey,Kemp,bkempcs@tiny.cc,Polygender,197.179.210.103,China,Pontiac
462,Sansone,Pringle,springlect@soup.io,Non-binary,133.184.89.105,Brazil,Volkswagen
463,Christoph,Barney,cbarneycu@harvard.edu,Genderqueer,93.218.242.147,Macedonia,GMC
464,Zarah,McTear,zmctearcv@pinterest.com,Polygender,29.232.23.197,Poland,GMC
465,Sterling,Lismore,slismorecw@nymag.com,Male,184.243.71.220,Germany,Volkswagen
466,Teodorico,Headrick,theadrickcx@reddit.com,Genderfluid,5.8.107.99,China,Buick
467,Bettine,Novotna,bnovotnacy@about.me,Genderqueer,59.216.114.101,Philippines,Buick
468,Lynnette,Londors,llondorscz@hexun.com,Polygender,3.77.25.118,Namibia,Pontiac
469,Lief,Brien,lbriend0@seattletimes.com,Polygender,242.228.164.171,Somalia,BMW
470,Zeb,Detheridge,zdetheridged1@surveymonkey.com,Agender,44.91.70.168,Ethiopia,Nissan
471,Matthus,Spatoni,mspatonid2@auda.org.au,Genderfluid,165.234.209.205,China,Mitsubishi
472,Claudianus,Whitmore,cwhitmored3@e-recht24.de,Genderqueer,136.14.58.81,Indonesia,Mitsubishi
473,Netti,Tomas,ntomasd4@moonfruit.com,Female,179.60.189.137,Brazil,Jeep
474,Nannie,Marrington,nmarringtond5@cornell.edu,Bigender,138.21.6.158,Macedonia,Hyundai
475,Elna,Savell,esavelld6@home.pl,Bigender,100.47.30.14,Pakistan,Honda
476,Ezekiel,Reddell,ereddelld7@go.com,Agender,94.227.31.83,China,Aston Martin
477,Herb,Signe,hsigned8@marriott.com,Non-binary,108.125.140.40,Malaysia,Pontiac
478,Willy,Ballintyne,wballintyned9@newsvine.com,Genderfluid,221.148.47.60,Czech Republic,Chrysler
479,Juliana,Daverin,jdaverinda@china.com.cn,Male,69.110.81.165,Tajikistan,MINI
480,Jaye,Baynham,jbaynhamdb@dmoz.org,Bigender,35.214.253.147,Thailand,BMW
481,Faydra,Rawkesby,frawkesbydc@scribd.com,Bigender,250.64.104.7,Nigeria,Toyota
482,Marysa,Nason,mnasondd@answers.com,Bigender,144.209.2.143,France,Subaru
483,Heda,Sharram,hsharramde@typepad.com,Genderqueer,151.62.102.218,Bulgaria,Porsche
484,Madelena,Hainge,mhaingedf@china.com.cn,Genderfluid,146.230.105.208,Brazil,Land Rover
485,Seward,Hulbert,shulbertdg@example.com,Non-binary,59.34.90.248,Colombia,Chevrolet
486,Harbert,Ballsdon,hballsdondh@wisc.edu,Female,247.29.166.133,China,Ferrari
487,Kele,McGeraghty,kmcgeraghtydi@ifeng.com,Agender,182.240.144.253,China,Pontiac
488,Amandy,Visick,avisickdj@yellowpages.com,Bigender,57.134.36.203,Russia,Plymouth
489,Olvan,Shead,osheaddk@sohu.com,Polygender,12.200.123.34,Netherlands,Toyota
490,Davis,Duffield,dduffielddl@virginia.edu,Male,48.23.114.115,Philippines,Lincoln
491,Heriberto,Balharrie,hbalharriedm@elegantthemes.com,Female,186.129.132.127,Indonesia,Lincoln
492,Vivi,Cockarill,vcockarilldn@e-recht24.de,Polygender,201.254.55.74,Czech Republic,Mercury
493,Timothea,Cantrell,tcantrelldo@etsy.com,Agender,136.5.82.137,China,Dodge
494,Fraze,Guislin,fguislindp@stanford.edu,Genderqueer,53.232.226.95,China,Nissan
495,Odell,Janecek,ojanecekdq@samsung.com,Female,53.102.172.38,Sweden,Ford
496,Gideon,Petrushanko,gpetrushankodr@cpanel.net,Male,229.92.17.86,Finland,Chevrolet
497,Talyah,Ezzle,tezzleds@dropbox.com,Bigender,247.220.36.125,Portugal,Mercedes-Benz
498,Gabbie,Pepall,gpepalldt@ucla.edu,Bigender,226.242.5.94,China,GMC
499,Vito,Gerrie,vgerriedu@state.tx.us,Genderqueer,71.221.190.98,China,Land Rover
500,Simon,Spykins,sspykinsdv@archive.org,Male,157.9.68.179,Indonesia,Infiniti
501,Walt,Hagerty,whagertydw@fastcompany.com,Agender,193.21.132.34,Indonesia,Toyota
502,Salomon,Petrasch,spetraschdx@multiply.com,Bigender,132.166.141.135,Indonesia,Toyota
503,Pauline,Drummer,pdrummerdy@infoseek.co.jp,Bigender,69.28.179.123,Russia,Lincoln
504,Esmeralda,Bolino,ebolinodz@constantcontact.com,Bigender,49.193.67.161,China,Ford
505,Camila,Denison,cdenisone0@washingtonpost.com,Male,164.104.140.59,Philippines,Ford
506,Erie,Jerdein,ejerdeine1@themeforest.net,Genderfluid,240.6.49.107,Tanzania,Suzuki
507,Robinetta,Attree,rattreee2@chron.com,Male,253.48.43.53,Kenya,Mercedes-Benz
508,Stephanie,Perroni,sperronie3@jugem.jp,Genderfluid,11.177.222.146,Slovenia,Chevrolet
509,De witt,Chismon,dchismone4@cpanel.net,Polygender,24.143.181.30,Peru,Mitsubishi
510,Georgia,Breewood,gbreewoode5@github.com,Female,178.93.249.226,Niger,Chevrolet
511,Blake,Glede,bgledee6@gov.uk,Genderqueer,38.65.245.164,France,Ford
512,Abramo,Lowrey,alowreye7@cam.ac.uk,Non-binary,149.209.62.89,Dominican Republic,Honda
513,Lynde,Kuschke,lkuschkee8@ebay.co.uk,Genderfluid,255.82.93.9,Vietnam,Dodge
514,Ermanno,Sorrie,esorriee9@blogtalkradio.com,Bigender,254.26.212.207,Thailand,Hyundai
515,Ambrosio,Lawlor,alawlorea@bizjournals.com,Male,214.42.95.199,China,Subaru
516,Rosemaria,Hamlett,rhamletteb@odnoklassniki.ru,Male,34.47.174.36,Pakistan,Ford
517,Rosemary,Donan,rdonanec@newsvine.com,Female,31.15.145.214,Latvia,Volvo
518,Aloysius,Kepling,akeplinged@arizona.edu,Non-binary,231.228.13.131,Democratic Republic of the Congo,Chevrolet
519,Shannan,Pywell,spywellee@biblegateway.com,Genderfluid,251.195.101.172,Russia,Oldsmobile
520,Corby,Axell,caxellef@fotki.com,Genderfluid,209.157.136.152,Philippines,Jeep
521,Tobiah,Garman,tgarmaneg@ftc.gov,Non-binary,39.246.54.103,Indonesia,Pontiac
522,Ann,Greasley,agreasleyeh@uiuc.edu,Bigender,125.175.91.187,France,Jeep
523,Ravi,Courage,rcourageei@spiegel.de,Agender,33.73.36.95,Portugal,Mercury
524,Faith,Checci,fchecciej@mysql.com,Male,214.86.161.93,Russia,Isuzu
525,Suzanna,Putten,sputtenek@typepad.com,Bigender,253.79.116.205,Vietnam,Chevrolet
526,Eilis,Trewhitt,etrewhittel@mail.ru,Polygender,30.128.234.146,China,Subaru
527,Archibald,Aughtie,aaughtieem@fc2.com,Polygender,70.105.81.165,Hungary,Buick
528,Grissel,Robken,grobkenen@sfgate.com,Agender,158.43.125.38,Russia,Pontiac
529,Jayme,Caraher,jcarahereo@squidoo.com,Genderfluid,223.33.176.112,China,Ford
530,Duncan,Bootyman,dbootymanep@mozilla.com,Non-binary,137.199.27.224,China,Chevrolet
531,Violetta,Tweed,vtweedeq@merriam-webster.com,Male,14.197.228.185,Nicaragua,Nissan
532,Stella,Huegett,shuegetter@addtoany.com,Polygender,61.245.50.197,Poland,Mitsubishi
533,Nora,Barmadier,nbarmadieres@ask.com,Male,196.222.4.190,Indonesia,Dodge
534,Chase,Dorrity,cdorrityet@netlog.com,Genderfluid,247.126.129.254,China,Lexus
535,Filbert,Linfoot,flinfooteu@seattletimes.com,Genderqueer,195.169.164.28,Indonesia,Ford
536,Bart,Fickling,bficklingev@unblog.fr,Non-binary,177.13.238.162,China,Acura
537,Corissa,Mackinder,cmackinderew@elpais.com,Non-binary,153.97.113.103,China,Chevrolet
538,Christoffer,Kemmett,ckemmettex@imageshack.us,Polygender,42.139.70.87,China,Dodge
539,Bernard,Disdel,bdisdeley@usa.gov,Non-binary,235.229.23.238,Indonesia,Jeep
540,Lizzie,Stoade,lstoadeez@bloomberg.com,Genderfluid,226.122.91.215,China,Mitsubishi
541,Abbye,Cranmer,acranmerf0@biglobe.ne.jp,Non-binary,189.55.127.6,Philippines,Mazda
542,Cora,Kittel,ckittelf1@techcrunch.com,Female,146.151.223.46,Argentina,Acura
543,Lilia,Paolinelli,lpaolinellif2@digg.com,Non-binary,58.80.188.158,Russia,Eagle
544,Vikki,Bygreaves,vbygreavesf3@drupal.org,Genderfluid,244.79.34.193,Syria,Chevrolet
545,Rafaello,Daddow,rdaddowf4@marketwatch.com,Polygender,126.222.225.72,Philippines,Mercedes-Benz
546,Helsa,Pankettman,hpankettmanf5@nps.gov,Genderqueer,230.158.244.100,Thailand,Volvo
547,Lindon,Eggar,leggarf6@goodreads.com,Genderqueer,251.160.35.253,China,Infiniti
548,Lira,Anfossi,lanfossif7@addthis.com,Female,120.202.46.109,Iran,Mitsubishi
549,Helenka,Gair,hgairf8@elegantthemes.com,Polygender,17.38.117.108,China,Nissan
550,Tasha,Leverett,tleverettf9@dailymotion.com,Bigender,96.198.181.1,Indonesia,Cadillac
551,Gilda,Axon,gaxonfa@hostgator.com,Genderfluid,135.90.43.106,Philippines,Kia
552,Mervin,Stivey,mstiveyfb@sourceforge.net,Female,90.172.211.139,China,Nissan
553,Leanora,Hammelberg,lhammelbergfc@tumblr.com,Bigender,57.9.129.94,Thailand,Dodge
554,Orsa,Brydie,obrydiefd@yandex.ru,Genderqueer,210.231.198.238,China,Pontiac
555,Lewes,Dalgetty,ldalgettyfe@behance.net,Polygender,11.154.222.216,Spain,Dodge
556,Dukie,Roizin,droizinff@over-blog.com,Agender,80.18.119.67,China,Chevrolet
557,Emalee,Stollmeyer,estollmeyerfg@huffingtonpost.com,Genderqueer,231.135.143.41,Japan,BMW
558,Randa,Spyer,rspyerfh@berkeley.edu,Non-binary,28.152.249.102,China,Toyota
559,Ermentrude,Pottinger,epottingerfi@blogs.com,Bigender,236.102.3.116,France,Subaru
560,Lorne,Aiskovitch,laiskovitchfj@goo.gl,Agender,219.114.105.19,Indonesia,Mitsubishi
561,Findlay,MacPhee,fmacpheefk@studiopress.com,Male,33.57.43.12,China,Mercury
562,Eadmund,Mattioni,emattionifl@wp.com,Female,147.52.189.7,Philippines,Pontiac
563,Amye,Matthis,amatthisfm@apache.org,Agender,4.162.99.206,Luxembourg,Kia
564,Drew,Roubay,droubayfn@netscape.com,Genderfluid,189.72.137.143,Indonesia,Maserati
565,Nichole,Whight,nwhightfo@technorati.com,Agender,7.102.211.14,Portugal,Infiniti
566,Judye,MacDunlevy,jmacdunlevyfp@xing.com,Bigender,220.158.242.57,Portugal,Porsche
567,Carlie,Clayfield,cclayfieldfq@1und1.de,Non-binary,217.163.43.171,Philippines,Toyota
568,Nickie,Mulbery,nmulberyfr@quantcast.com,Agender,108.229.18.123,Malaysia,Subaru
569,Carilyn,Deluze,cdeluzefs@drupal.org,Genderqueer,173.162.47.232,China,Mercury
570,Joyce,Haxell,jhaxellft@si.edu,Bigender,173.99.96.34,Maldives,Ford
571,Bucky,Hacker,bhackerfu@phoca.cz,Genderfluid,47.3.94.74,Brazil,Mercedes-Benz
572,Winona,Chansonne,wchansonnefv@mlb.com,Bigender,57.77.196.190,Myanmar,Dodge
573,Deanna,Bruckstein,dbrucksteinfw@drupal.org,Non-binary,152.162.150.52,Ukraine,Subaru
574,Adolphus,Duinkerk,aduinkerkfx@tmall.com,Non-binary,91.39.144.117,Thailand,Ford
575,Ulrich,Bothwell,ubothwellfy@cargocollective.com,Polygender,158.228.214.253,Afghanistan,Ram
576,Reuven,Laban,rlabanfz@edublogs.org,Polygender,202.70.6.137,Japan,Mercedes-Benz
577,Mallissa,Muller,mmullerg0@technorati.com,Female,114.10.111.36,Indonesia,Audi
578,Anthea,O'Corrigane,aocorriganeg1@elpais.com,Agender,194.47.158.74,Colombia,Ford
579,Kristofer,Martindale,kmartindaleg2@bloglines.com,Female,209.144.162.150,Portugal,Toyota
580,Duke,Carryer,dcarryerg3@engadget.com,Genderfluid,182.178.20.87,Argentina,Dodge
581,Melvyn,Callard,mcallardg4@issuu.com,Non-binary,33.121.172.233,Japan,Pontiac
582,Filberte,Mournian,fmourniang5@myspace.com,Genderqueer,232.239.178.252,Kenya,Ford
583,Gail,Guisot,gguisotg6@tinyurl.com,Female,97.252.126.151,Nigeria,Mitsubishi
584,Arty,Trevance,atrevanceg7@myspace.com,Female,22.201.47.36,China,Mitsubishi
585,Bobbie,Benedettini,bbenedettinig8@storify.com,Non-binary,116.129.180.78,France,Pontiac
586,Ross,Beaze,rbeazeg9@hc360.com,Agender,206.35.116.77,Nigeria,Suzuki
587,Ursuline,Cockley,ucockleyga@abc.net.au,Male,239.71.212.201,Bolivia,Ford
588,Goldy,Ireson,giresongb@mtv.com,Genderfluid,220.156.227.45,Peru,Audi
589,Doll,Deniso,ddenisogc@npr.org,Genderfluid,231.109.14.36,Portugal,GMC
590,Anselm,Bramont,abramontgd@youtube.com,Female,177.229.230.72,Philippines,GMC
591,Jolyn,Fitch,jfitchge@usnews.com,Agender,247.247.173.127,Indonesia,GMC
592,Donia,Palphramand,dpalphramandgf@webeden.co.uk,Non-binary,168.190.204.50,Chile,Chevrolet
593,Rowan,Semorad,rsemoradgg@mtv.com,Genderfluid,221.171.12.144,Czech Republic,Rolls-Royce
594,Ira,Anand,ianandgh@desdev.cn,Bigender,130.194.160.173,Czech Republic,Mazda
595,Durant,Scamerdine,dscamerdinegi@reference.com,Non-binary,61.147.183.7,China,Chevrolet
596,Hali,Lergan,hlergangj@i2i.jp,Agender,216.6.127.220,China,Dodge
597,Linea,Pawel,lpawelgk@cdbaby.com,Bigender,157.107.80.248,Tajikistan,Jeep
598,Marcello,Kibbee,mkibbeegl@washingtonpost.com,Bigender,135.226.186.204,Germany,Suzuki
599,Kylynn,Musprat,kmuspratgm@unblog.fr,Female,226.224.129.187,Ireland,Volkswagen
600,Donelle,Wyldbore,dwyldboregn@quantcast.com,Male,6.169.55.24,Russia,Pontiac
601,Lorinda,Halwill,lhalwillgo@jiathis.com,Genderfluid,1.73.155.157,Ecuador,Chevrolet
602,Beryl,Byrth,bbyrthgp@time.com,Female,241.37.75.118,Russia,Oldsmobile
603,Freemon,Skeermer,fskeermergq@globo.com,Polygender,39.22.43.140,China,Lincoln
604,Iolanthe,Timbs,itimbsgr@virginia.edu,Polygender,95.84.51.211,Latvia,Mazda
605,Kristoffer,Searchwell,ksearchwellgs@dot.gov,Bigender,191.28.244.212,Indonesia,Buick
606,Baron,Malinowski,bmalinowskigt@nbcnews.com,Bigender,182.125.36.239,China,Volkswagen
607,Nikola,Ringwood,nringwoodgu@ycombinator.com,Female,155.137.32.219,China,Chevrolet
608,Gordon,Trott,gtrottgv@blog.com,Agender,247.25.52.118,Portugal,Lexus
609,Emmye,Telling,etellinggw@marriott.com,Female,111.136.93.15,Indonesia,Infiniti
610,Huntlee,Gosson,hgossongx@admin.ch,Agender,156.131.57.95,France,Tesla
611,Sebastiano,Kleisle,skleislegy@fema.gov,Bigender,115.191.3.111,Philippines,Lexus
612,Deborah,Rozier,droziergz@telegraph.co.uk,Female,158.68.106.191,China,Ford
613,Vivian,Killich,vkillichh0@nyu.edu,Male,60.39.222.191,China,Kia
614,Harmony,Oliveira,holiveirah1@ameblo.jp,Genderfluid,218.211.95.149,Indonesia,Ford
615,Hieronymus,Pesic,hpesich2@tiny.cc,Agender,94.179.109.44,Thailand,Audi
616,Artus,Ridewood,aridewoodh3@chicagotribune.com,Genderqueer,247.20.210.46,Vietnam,GMC
617,Rutger,Fearnehough,rfearnehoughh4@pinterest.com,Polygender,97.238.116.77,Brazil,Chevrolet
618,Matthaeus,Fentem,mfentemh5@economist.com,Female,23.40.81.83,Russia,Chevrolet
619,Nedi,Cleave,ncleaveh6@ebay.com,Female,125.30.211.104,China,Volvo
620,Levey,Ebanks,lebanksh7@trellian.com,Genderqueer,23.216.85.35,Indonesia,Dodge
621,Alis,Emblem,aemblemh8@si.edu,Male,162.22.134.76,China,Ford
622,Robinetta,O'Drought,rodroughth9@unblog.fr,Polygender,113.195.251.61,Hungary,Nissan
623,Jacintha,Innott,jinnottha@nba.com,Male,128.225.229.37,Brazil,Lincoln
624,Wilow,Arman,warmanhb@google.de,Non-binary,224.0.176.134,Sweden,Chevrolet
625,Teri,D'Avaux,tdavauxhc@vkontakte.ru,Male,157.12.199.104,France,Mitsubishi
626,Zelma,Mcasparan,zmcasparanhd@home.pl,Genderfluid,186.96.141.153,Thailand,Audi
627,Ajay,MacEllen,amacellenhe@nps.gov,Agender,52.49.117.251,Nicaragua,GMC
628,Bobbee,Vinter,bvinterhf@spotify.com,Bigender,127.249.211.181,Pakistan,Chevrolet
629,Haley,Ducket,hduckethg@cnn.com,Non-binary,63.82.210.31,Iran,Oldsmobile
630,Bliss,Grinishin,bgrinishinhh@wiley.com,Non-binary,114.221.51.216,China,Dodge
631,Augie,Strutton,astruttonhi@virginia.edu,Female,168.95.18.111,Philippines,Mercury
632,Loni,Duferie,lduferiehj@fc2.com,Bigender,39.16.41.166,Serbia,Mercedes-Benz
633,Travers,Kornilov,tkornilovhk@skype.com,Polygender,5.152.249.185,Yemen,Buick
634,Jacquenette,Prozescky,jprozesckyhl@list-manage.com,Bigender,104.142.181.238,Venezuela,GMC
635,Alvie,Woolf,awoolfhm@last.fm,Male,227.229.208.53,Nigeria,Cadillac
636,Esmeralda,Brunner,ebrunnerhn@nytimes.com,Female,102.62.121.250,China,Jeep
637,Roberto,Lambal,rlambalho@china.com.cn,Female,120.140.163.251,Russia,Chevrolet
638,Kirsti,Emig,kemighp@gov.uk,Bigender,6.28.95.119,China,Chevrolet
639,Betsey,Gainsford,bgainsfordhq@skype.com,Male,141.57.6.86,Indonesia,Isuzu
640,Dorelle,Wonfor,dwonforhr@lulu.com,Polygender,79.137.17.133,Indonesia,Dodge
641,Minna,Clute,mclutehs@jiathis.com,Agender,188.219.100.153,Russia,Chevrolet
642,Vanya,Scudder,vscudderht@surveymonkey.com,Non-binary,247.164.225.213,Russia,Chevrolet
643,Anya,Dizlie,adizliehu@whitehouse.gov,Polygender,93.62.196.42,Ukraine,Land Rover
644,Putnem,Planks,pplankshv@discuz.net,Female,108.74.253.49,Latvia,Mazda
645,Ellie,Norcliffe,enorcliffehw@elegantthemes.com,Male,61.14.24.236,Indonesia,Chevrolet
646,Sansone,Valencia,svalenciahx@printfriendly.com,Female,160.249.26.170,China,Nissan
647,Hana,Jeffree,hjeffreehy@skyrock.com,Male,159.203.208.81,China,Jeep
648,Verla,Dodgson,vdodgsonhz@ow.ly,Non-binary,27.30.5.238,Indonesia,Nissan
649,Ashley,Samber,asamberi0@usa.gov,Male,38.15.20.38,Ecuador,Chevrolet
650,Kayley,Keiling,kkeilingi1@twitpic.com,Non-binary,253.183.110.139,Mongolia,Chevrolet
651,Edgard,Charlotte,echarlottei2@linkedin.com,Non-binary,122.151.139.217,Philippines,Dodge
652,Andriette,Noone,anoonei3@sfgate.com,Female,173.204.254.32,Indonesia,Mitsubishi
653,Elissa,Plaxton,eplaxtoni4@admin.ch,Non-binary,13.75.189.90,China,Ford
654,Herve,Lodovichi,hlodovichii5@bing.com,Non-binary,166.151.161.179,Portugal,Infiniti
655,Saidee,Condit,sconditi6@netscape.com,Agender,191.236.60.34,China,Chevrolet
656,Lani,Shillaber,lshillaberi7@yale.edu,Agender,139.180.241.247,Spain,GMC
657,Lu,Kirmond,lkirmondi8@newsvine.com,Bigender,166.71.53.183,Nigeria,Pontiac
658,Son,Bakhrushkin,sbakhrushkini9@php.net,Non-binary,36.174.127.95,Thailand,Hyundai
659,Starr,Dehm,sdehmia@domainmarket.com,Male,88.157.44.136,Micronesia,Plymouth
660,Alex,Duplock,aduplockib@booking.com,Non-binary,124.201.8.208,France,Lexus
661,Shawn,Hoofe,shoofeic@yolasite.com,Bigender,67.47.215.188,China,Mercury
662,Guglielmo,Warlow,gwarlowid@google.es,Non-binary,180.168.101.112,United States,Pontiac
663,Stormy,Connop,sconnopie@issuu.com,Bigender,125.230.224.135,Argentina,Volvo
664,Rosana,Skellon,rskellonif@topsy.com,Non-binary,174.209.5.67,Botswana,GMC
665,Vivyan,Hanscom,vhanscomig@comcast.net,Genderqueer,72.101.170.52,China,Mitsubishi
666,Aristotle,Chaize,achaizeih@oaic.gov.au,Genderfluid,14.212.125.124,United States,Mazda
667,Joe,Muglestone,jmuglestoneii@economist.com,Non-binary,35.147.151.70,Poland,Ford
668,Kirsti,Nockolds,knockoldsij@wiley.com,Female,218.217.22.123,Indonesia,Audi
669,Bev,Dowty,bdowtyik@bloomberg.com,Male,44.47.152.204,Argentina,Land Rover
670,Kaleb,Ketts,kkettsil@alexa.com,Male,132.117.105.48,Japan,Rambler
671,Solly,Napton,snaptonim@oracle.com,Polygender,21.3.248.5,Thailand,Hyundai
672,Floyd,Jansen,fjansenin@wikia.com,Agender,106.216.143.233,Indonesia,Ford
673,Dayle,Sauvan,dsauvanio@nba.com,Genderfluid,237.43.151.40,Portugal,Dodge
674,Sylvan,Huonic,shuonicip@google.co.jp,Polygender,147.227.203.177,Serbia,Kia
675,Jeniffer,Brookhouse,jbrookhouseiq@list-manage.com,Genderqueer,143.226.130.200,Russia,BMW
676,Linzy,Egle,legleir@behance.net,Bigender,37.108.202.206,Croatia,Pontiac
677,Addie,Hufton,ahuftonis@pagesperso-orange.fr,Agender,36.191.179.33,Estonia,Volkswagen
678,Maud,Stinton,mstintonit@craigslist.org,Agender,11.123.171.230,Indonesia,Honda
679,Deeanne,Buckham,dbuckhamiu@behance.net,Genderfluid,151.239.138.242,Luxembourg,Lexus
680,Arliene,McConnell,amcconnelliv@slideshare.net,Genderqueer,223.4.88.176,Finland,Hyundai
681,Abramo,Edling,aedlingiw@state.gov,Bigender,52.18.196.114,China,Plymouth
682,Raymund,Couper,rcouperix@bloglines.com,Genderqueer,239.141.82.18,Russia,Subaru
683,Linnea,Simeoni,lsimeoniiy@parallels.com,Genderqueer,181.226.54.117,Malaysia,Infiniti
684,Gabey,Domek,gdomekiz@hp.com,Female,145.235.152.98,Guyana,Infiniti
685,Kaleena,Northill,knorthillj0@cnet.com,Agender,185.94.193.245,Japan,Pontiac
686,Ragnar,Curnnok,rcurnnokj1@edublogs.org,Bigender,118.131.192.66,Indonesia,Audi
687,Manuel,Bengough,mbengoughj2@storify.com,Agender,18.66.155.127,Bulgaria,Cadillac
688,Samara,Bastard,sbastardj3@prlog.org,Polygender,39.249.247.184,Togo,Acura
689,Homerus,Piel,hpielj4@mashable.com,Bigender,231.129.255.208,Chile,Subaru
690,Bealle,Fripps,bfrippsj5@naver.com,Male,52.134.30.73,Finland,Chevrolet
691,Drud,Shills,dshillsj6@psu.edu,Genderqueer,184.53.177.7,Russia,Cadillac
692,Osborn,Llewhellin,ollewhellinj7@sohu.com,Non-binary,60.97.59.53,China,Hyundai
693,Anne-corinne,Joncic,ajoncicj8@gizmodo.com,Male,29.18.213.160,China,Chevrolet
694,Alano,Maden,amadenj9@ovh.net,Polygender,5.28.94.10,China,Dodge
695,Renado,Casotti,rcasottija@printfriendly.com,Non-binary,22.169.117.84,Belgium,Toyota
696,Camilla,Sudron,csudronjb@dagondesign.com,Female,240.47.91.228,China,GMC
697,Celeste,Brampton,cbramptonjc@163.com,Female,124.228.115.137,Mongolia,Lincoln
698,Chad,Meggison,cmeggisonjd@twitter.com,Male,116.242.110.15,Philippines,Citron
699,Marlowe,Tipton,mtiptonje@yahoo.co.jp,Bigender,214.37.29.155,China,Mercury
700,Bella,Fuzzard,bfuzzardjf@stanford.edu,Non-binary,179.112.83.2,China,Mazda
701,Tobi,Saylor,tsaylorjg@eepurl.com,Bigender,38.255.166.82,Lithuania,Saab
702,Elise,Veljes,eveljesjh@oracle.com,Genderqueer,73.160.175.26,Mongolia,Oldsmobile
703,Candis,Rosendorf,crosendorfji@fda.gov,Genderqueer,196.60.215.99,Ecuador,BMW
704,Evy,Coytes,ecoytesjj@google.ru,Polygender,229.98.83.103,China,Nissan
705,Wildon,Rignold,wrignoldjk@webmd.com,Genderqueer,212.150.79.13,Haiti,Maybach
706,Kessia,Cuningham,kcuninghamjl@sitemeter.com,Bigender,231.43.103.77,United Kingdom,Volkswagen
707,Selestina,Krystof,skrystofjm@netscape.com,Non-binary,80.125.245.243,Canada,Dodge
708,Sibeal,Shoebotham,sshoebothamjn@harvard.edu,Agender,116.141.99.225,Nigeria,Mazda
709,Christie,Hanrahan,chanrahanjo@dion.ne.jp,Agender,44.163.123.55,Philippines,Chevrolet
710,Marylee,Dolphin,mdolphinjp@cargocollective.com,Bigender,29.94.39.205,Indonesia,Mitsubishi
711,Lorraine,Hankins,lhankinsjq@so-net.ne.jp,Non-binary,100.161.82.67,Philippines,Chrysler
712,Ardath,Mathissen,amathissenjr@umn.edu,Non-binary,113.209.216.163,Czech Republic,Mitsubishi
713,Berti,Roget,brogetjs@salon.com,Genderqueer,131.143.78.246,France,Plymouth
714,Tabina,Baudoux,tbaudouxjt@plala.or.jp,Bigender,169.254.253.59,Sweden,Buick
715,Annabal,Goulston,agoulstonju@altervista.org,Polygender,175.104.195.195,Afghanistan,Nissan
716,Baily,Ashment,bashmentjv@cbc.ca,Genderqueer,115.94.72.223,Portugal,Ford
717,Papagena,Sermin,pserminjw@vinaora.com,Male,242.169.138.187,Poland,GMC
718,Griz,Mayow,gmayowjx@blogs.com,Agender,58.134.165.224,France,Mercedes-Benz
719,Trey,Kyle,tkylejy@webeden.co.uk,Agender,253.145.165.17,Poland,Honda
720,Harv,McCleverty,hmcclevertyjz@dailymail.co.uk,Bigender,22.227.194.10,Japan,Chrysler
721,Olympie,Sprankling,ospranklingk0@senate.gov,Polygender,3.55.6.189,China,Infiniti
722,Averyl,Bedle,abedlek1@chron.com,Female,210.42.94.68,Brazil,Ford
723,See,Goddard,sgoddardk2@behance.net,Male,123.234.194.140,Czech Republic,Mercedes-Benz
724,Francisca,Aidler,faidlerk3@fastcompany.com,Agender,229.186.60.1,United States,Chevrolet
725,Zack,Matzaitis,zmatzaitisk4@edublogs.org,Genderqueer,237.127.235.249,Brazil,GMC
726,Tiena,Chell,tchellk5@si.edu,Agender,17.16.237.188,Indonesia,Chevrolet
727,Smitty,Folli,sfollik6@reddit.com,Genderfluid,73.74.53.99,Indonesia,Scion
728,Blaire,Ambrogelli,bambrogellik7@hugedomains.com,Genderfluid,246.31.88.189,Bangladesh,Rolls-Royce
729,Matthew,Goosnell,mgoosnellk8@hc360.com,Male,161.35.111.11,Dominican Republic,Cadillac
730,Madalyn,Mumbray,mmumbrayk9@jalbum.net,Male,181.53.205.59,France,Volvo
731,Erwin,Simmans,esimmanska@jugem.jp,Non-binary,43.48.66.56,Cameroon,Ford
732,Micki,Bindin,mbindinkb@yahoo.com,Agender,198.182.72.105,Lithuania,Dodge
733,Micheline,Shave,mshavekc@topsy.com,Non-binary,200.54.240.248,Indonesia,Ford
734,Israel,Longdon,ilongdonkd@toplist.cz,Polygender,38.227.237.225,Yemen,Honda
735,Swen,Rosling,sroslingke@eepurl.com,Male,61.93.88.64,Mexico,Mitsubishi
736,Whitman,Grinyov,wgrinyovkf@huffingtonpost.com,Female,30.140.189.127,Japan,Dodge
737,Vivien,Haughan,vhaughankg@reference.com,Non-binary,226.9.245.245,Canada,Dodge
738,Rogers,Eldon,reldonkh@delicious.com,Genderqueer,28.49.216.144,Russia,Chevrolet
739,Erskine,Edgerly,eedgerlyki@soundcloud.com,Male,11.67.65.174,China,Honda
740,Reggy,Olekhov,rolekhovkj@guardian.co.uk,Polygender,129.184.36.235,China,Oldsmobile
741,Heda,Gabbat,hgabbatkk@tumblr.com,Genderfluid,150.201.200.207,Philippines,GMC
742,Corliss,Wilfinger,cwilfingerkl@de.vu,Polygender,110.28.197.217,Indonesia,Ford
743,Milton,Coggell,mcoggellkm@mtv.com,Genderfluid,203.244.184.224,Czech Republic,Chrysler
744,Ardath,Gear,agearkn@slate.com,Genderfluid,134.86.21.188,Ireland,Ford
745,Mallory,Tryhorn,mtryhornko@flavors.me,Genderqueer,85.152.245.3,Albania,Ford
746,Victoir,Snailham,vsnailhamkp@geocities.jp,Male,70.210.242.83,China,Volkswagen
747,Willdon,Babbage,wbabbagekq@photobucket.com,Male,222.224.155.25,Luxembourg,Buick
748,Ulrich,Croker,ucrokerkr@illinois.edu,Genderqueer,109.153.0.148,China,Lincoln
749,Edythe,Marrington,emarringtonks@seesaa.net,Agender,205.54.45.94,Indonesia,Mercedes-Benz
750,Willard,De Hoogh,wdehooghkt@noaa.gov,Bigender,226.71.165.76,Ireland,Toyota
751,Janek,Gieraths,jgierathsku@taobao.com,Genderfluid,242.227.192.161,United States,Audi
752,Renard,McLeod,rmcleodkv@webs.com,Agender,91.103.149.185,Indonesia,Audi
753,Riccardo,Rawlyns,rrawlynskw@nsw.gov.au,Non-binary,47.255.212.100,France,Volkswagen
754,Seth,Rudgerd,srudgerdkx@etsy.com,Bigender,155.184.103.106,China,Lexus
755,Norbie,Farney,nfarneyky@cam.ac.uk,Polygender,220.46.178.248,Costa Rica,Mazda
756,Lutero,Dyzart,ldyzartkz@paginegialle.it,Non-binary,219.173.125.38,China,Mercedes-Benz
757,Marina,Currom,mcurroml0@de.vu,Male,103.161.199.10,China,Volkswagen
758,Onfroi,Storrar,ostorrarl1@businesswire.com,Genderqueer,124.138.64.19,Mexico,Chrysler
759,Cos,Saltmarsh,csaltmarshl2@nationalgeographic.com,Female,223.129.67.138,Palestinian Territory,Dodge
760,Deloris,Mazey,dmazeyl3@lycos.com,Bigender,225.113.165.111,China,BMW
761,Nady,Philpotts,nphilpottsl4@webmd.com,Genderqueer,52.227.182.5,Russia,Suzuki
762,Cherlyn,Penson,cpensonl5@guardian.co.uk,Bigender,200.23.202.133,Peru,Ford
763,Ellynn,Bracher,ebracherl6@wikia.com,Female,240.73.82.92,Mozambique,MINI
764,Trula,Dabbs,tdabbsl7@cloudflare.com,Agender,179.157.135.87,Northern Mariana Islands,Infiniti
765,Annemarie,Culverhouse,aculverhousel8@hubpages.com,Agender,49.90.148.0,Czech Republic,GMC
766,Jasmina,Beert,jbeertl9@aboutads.info,Genderfluid,95.215.244.167,Portugal,Subaru
767,Elvyn,Crowley,ecrowleyla@msu.edu,Agender,170.221.219.76,South Africa,Jeep
768,Hermina,Burton,hburtonlb@amazon.com,Polygender,219.182.24.66,Brazil,Mitsubishi
769,Sadella,Strettle,sstrettlelc@google.com.br,Male,135.116.108.121,Norway,Chevrolet
770,Luz,Greggs,lgreggsld@prnewswire.com,Genderqueer,119.203.206.107,United States,Ford
771,Bowie,Shayler,bshaylerle@yolasite.com,Agender,138.228.36.1,France,Acura
772,Griselda,Comport,gcomportlf@instagram.com,Genderqueer,142.227.140.188,Indonesia,Mercury
773,Theresina,Burrel,tburrellg@altervista.org,Non-binary,130.18.35.79,Philippines,Isuzu
774,Tina,Vayro,tvayrolh@ow.ly,Non-binary,44.54.129.248,Russia,BMW
775,Gregorius,Livezley,glivezleyli@timesonline.co.uk,Polygender,232.109.44.8,Philippines,Lincoln
776,Luce,Bras,lbraslj@elpais.com,Male,9.232.249.26,United States,Jeep
777,Giustina,Beernaert,gbeernaertlk@sourceforge.net,Male,58.210.175.137,Brazil,Mercury
778,Brenda,Lapsley,blapsleyll@facebook.com,Female,194.251.220.2,Ukraine,Ford
779,Ignazio,Clampe,iclampelm@cmu.edu,Non-binary,166.87.168.187,China,Ford
780,Shoshana,Arnli,sarnliln@mozilla.org,Bigender,98.140.7.137,United States,Aston Martin
781,Zebedee,Megroff,zmegrofflo@tripadvisor.com,Polygender,108.130.119.161,Philippines,Volkswagen
782,Lorrin,MacSkeagan,lmacskeaganlp@cmu.edu,Genderfluid,80.140.63.66,China,Audi
783,Alfy,Farmar,afarmarlq@github.com,Non-binary,10.224.250.153,Indonesia,Pontiac
784,Camala,Hadye,chadyelr@msn.com,Agender,11.180.5.167,Equatorial Guinea,Ford
785,Elise,MacMenamy,emacmenamyls@i2i.jp,Male,178.48.192.44,Indonesia,BMW
786,Moss,Middlemist,mmiddlemistlt@marketwatch.com,Female,236.147.40.42,Philippines,Toyota
787,Reina,Ogborn,rogbornlu@gizmodo.com,Female,225.8.182.131,Russia,Dodge
788,Glori,Silverthorn,gsilverthornlv@1und1.de,Non-binary,196.10.164.188,Philippines,Acura
789,Orazio,Vyse,ovyselw@com.com,Bigender,255.44.213.187,China,Daewoo
790,Letisha,Bucky,lbuckylx@yellowbook.com,Female,250.91.228.53,Russia,Chevrolet
791,Annora,Rable,arablely@people.com.cn,Genderqueer,219.90.143.189,Peru,Suzuki
792,Arvin,Riediger,ariedigerlz@de.vu,Non-binary,43.198.140.176,Brazil,Mercedes-Benz
793,Tomaso,Costerd,tcosterdm0@marriott.com,Male,162.234.250.204,Russia,Ford
794,Dolley,Childers,dchildersm1@de.vu,Female,204.45.178.89,Indonesia,Saturn
795,Munmro,Jacke,mjackem2@shinystat.com,Bigender,191.98.56.16,Russia,Acura
796,Barnabas,Micallef,bmicallefm3@japanpost.jp,Female,232.101.169.244,France,Land Rover
797,Nickola,Splaven,nsplavenm4@fda.gov,Non-binary,188.208.251.74,Panama,Lincoln
798,Maxie,Eckersley,meckersleym5@buzzfeed.com,Male,4.179.48.73,Egypt,Chrysler
799,Marilyn,Verrillo,mverrillom6@discuz.net,Bigender,148.225.199.174,Brazil,Acura
800,Jaimie,Padefield,jpadefieldm7@marriott.com,Genderqueer,50.132.195.178,Russia,Jeep
801,Cara,Draisey,cdraiseym8@smh.com.au,Female,126.190.165.25,Laos,Cadillac
802,Linn,Boffin,lboffinm9@redcross.org,Male,66.187.251.214,United States,Lincoln
803,Wallace,McIlwraith,wmcilwraithma@unesco.org,Polygender,39.69.67.196,Indonesia,Cadillac
804,Iona,Baggot,ibaggotmb@rambler.ru,Genderqueer,185.93.247.168,Sweden,Hyundai
805,Renard,Comfort,rcomfortmc@google.com.au,Genderfluid,252.195.208.194,Macedonia,Dodge
806,Wayne,Snowball,wsnowballmd@ft.com,Female,177.121.229.21,Indonesia,Lincoln
807,Tom,Beards,tbeardsme@over-blog.com,Genderqueer,203.16.9.93,France,Mercedes-Benz
808,Gabrielle,Goodricke,ggoodrickemf@answers.com,Polygender,7.215.37.191,Kazakhstan,Mercedes-Benz
809,Suzanna,Beynke,sbeynkemg@noaa.gov,Bigender,119.136.204.71,Bolivia,Dodge
810,Cameron,Bonifazio,cbonifaziomh@reference.com,Male,102.44.69.72,Russia,Mazda
811,Trudi,Belson,tbelsonmi@irs.gov,Non-binary,174.85.234.110,China,Dodge
812,Deeanne,Hazeup,dhazeupmj@scientificamerican.com,Polygender,150.6.174.128,Poland,Volkswagen
813,Warner,Gallone,wgallonemk@hp.com,Male,242.238.52.163,China,Chevrolet
814,Anton,Brunnen,abrunnenml@baidu.com,Agender,64.126.18.82,Indonesia,Subaru
815,Cecilius,Fardy,cfardymm@wordpress.com,Non-binary,14.196.41.98,Cameroon,Toyota
816,Emma,Paddell,epaddellmn@cdbaby.com,Polygender,32.67.205.236,China,Pontiac
817,Kayley,Grinov,kgrinovmo@github.io,Female,115.225.144.5,Philippines,Porsche
818,Yevette,Byron,ybyronmp@ca.gov,Bigender,119.20.143.148,Czech Republic,Dodge
819,Tiebout,Gianasi,tgianasimq@noaa.gov,Polygender,178.137.76.207,France,Infiniti
820,Carlotta,Lygo,clygomr@angelfire.com,Genderfluid,38.125.122.44,Indonesia,Chevrolet
821,Dillon,McFadden,dmcfaddenms@spiegel.de,Female,167.151.135.30,Indonesia,Dodge
822,Redford,Benham,rbenhammt@google.com,Polygender,15.110.45.90,Germany,Ford
823,Gerard,Mertsching,gmertschingmu@hostgator.com,Non-binary,113.31.86.43,Russia,Plymouth
824,Allis,Gutridge,agutridgemv@chronoengine.com,Non-binary,147.4.2.199,China,Chevrolet
825,Myles,Tolefree,mtolefreemw@aboutads.info,Genderqueer,10.214.42.20,Brazil,Audi
826,Alla,McQuode,amcquodemx@psu.edu,Bigender,68.128.86.102,Indonesia,Aston Martin
827,Christie,Casazza,ccasazzamy@walmart.com,Polygender,164.180.6.162,Botswana,Lexus
828,Eda,Cunnell,ecunnellmz@constantcontact.com,Genderqueer,249.221.205.248,Sweden,Lexus
829,Jeremias,Pettett,jpettettn0@businessinsider.com,Male,31.103.193.6,Paraguay,Chevrolet
830,Brittany,Padgett,bpadgettn1@usda.gov,Agender,27.65.68.176,China,Plymouth
831,Alexandrina,Stubbins,astubbinsn2@tinypic.com,Agender,119.133.5.33,Canada,Chevrolet
832,Martie,Wavish,mwavishn3@webeden.co.uk,Bigender,29.30.7.131,Greece,Subaru
833,Sargent,Lineham,slinehamn4@youtube.com,Agender,211.203.93.94,Saint Lucia,Nissan
834,Joane,Preddy,jpreddyn5@sciencedaily.com,Genderqueer,200.11.33.91,Pakistan,Mercury
835,Milena,Thacker,mthackern6@qq.com,Bigender,152.250.95.182,Japan,Pontiac
836,Skipper,Maxstead,smaxsteadn7@ucoz.ru,Genderqueer,252.64.35.188,Poland,Mitsubishi
837,Cori,Achrameev,cachrameevn8@springer.com,Non-binary,238.100.217.200,Indonesia,BMW
838,Sharona,Ackred,sackredn9@hugedomains.com,Male,23.41.240.100,China,Chrysler
839,Trish,Crat,tcratna@bloomberg.com,Polygender,168.194.43.253,Poland,Pontiac
840,Lucien,Barabich,lbarabichnb@newsvine.com,Agender,197.14.238.89,Poland,Audi
841,Clemmie,Goley,cgoleync@sitemeter.com,Female,227.5.32.68,United States,Pontiac
842,Rachael,Gleaves,rgleavesnd@google.es,Polygender,225.63.32.29,Norway,Isuzu
843,Garrik,Sill,gsillne@weebly.com,Non-binary,83.250.240.92,Brazil,Subaru
844,Cecilio,Stoakes,cstoakesnf@sohu.com,Bigender,61.160.176.217,Philippines,Lexus
845,Giffie,Grinsted,ggrinstedng@ed.gov,Bigender,45.49.2.160,China,Dodge
846,Addie,Klimus,aklimusnh@goo.ne.jp,Genderfluid,34.65.221.162,China,Audi
847,Cinda,Waddilow,cwaddilowni@myspace.com,Non-binary,39.23.221.119,Comoros,Plymouth
848,Lucita,Scamerdine,lscamerdinenj@google.cn,Male,31.191.4.207,Macedonia,Ford
849,Jsandye,Guinness,jguinnessnk@sogou.com,Polygender,3.86.224.27,Denmark,Lamborghini
850,Grenville,Ricioppo,griciopponl@kickstarter.com,Bigender,103.172.168.151,Portugal,Dodge
851,Amberly,Alliberton,aallibertonnm@geocities.jp,Genderfluid,93.104.104.66,China,Dodge
852,Daveen,Mullinder,dmullindernn@jalbum.net,Polygender,93.75.155.208,China,Infiniti
853,Errol,Facher,efacherno@angelfire.com,Male,154.214.110.75,Japan,Ford
854,Wyndham,Scarlin,wscarlinnp@miibeian.gov.cn,Genderfluid,126.88.246.74,Germany,Buick
855,Kyrstin,De Malchar,kdemalcharnq@vistaprint.com,Genderqueer,152.187.247.24,Kosovo,Infiniti
856,Kakalina,Rathbourne,krathbournenr@guardian.co.uk,Agender,2.254.196.191,Indonesia,Cadillac
857,Bliss,Dunham,bdunhamns@marketwatch.com,Female,180.35.88.170,Portugal,BMW
858,My,Devall,mdevallnt@google.fr,Female,221.246.58.122,Poland,Honda
859,Teena,MacKaile,tmackailenu@uiuc.edu,Genderfluid,215.233.188.244,Sweden,Ford
860,Ricki,Creavin,rcreavinnv@nyu.edu,Polygender,235.122.195.186,Bangladesh,Pontiac
861,Ced,Schutt,cschuttnw@virginia.edu,Polygender,184.252.90.186,China,Dodge
862,Barbara,Pavek,bpaveknx@nhs.uk,Non-binary,105.164.53.119,Saudi Arabia,Toyota
863,Eba,Leeming,eleemingny@blog.com,Bigender,206.194.46.3,Brazil,Mazda
864,Bren,Cockling,bcocklingnz@pagesperso-orange.fr,Genderqueer,97.239.223.200,Brazil,Nissan
865,Stillmann,Yeldham,syeldhamo0@webmd.com,Female,139.103.15.46,Indonesia,Kia
866,Mariska,Colliford,mcollifordo1@businesswire.com,Polygender,170.229.177.128,China,Geo
867,Goldi,Dyne,gdyneo2@illinois.edu,Bigender,129.167.206.182,Brazil,Ford
868,Kendal,Lesly,kleslyo3@adobe.com,Male,89.215.231.200,Indonesia,Chevrolet
869,Brita,Hilary,bhilaryo4@wix.com,Male,83.249.125.24,Indonesia,Lamborghini
870,Krystyna,Beatty,kbeattyo5@macromedia.com,Female,197.200.30.156,Slovakia,Chevrolet
871,Pierre,Pettiward,ppettiwardo6@ted.com,Non-binary,11.166.167.154,Ghana,GMC
872,Kristyn,McKeighen,kmckeigheno7@nbcnews.com,Polygender,178.100.228.65,Brazil,Toyota
873,Carmella,Covill,ccovillo8@pen.io,Non-binary,196.65.49.74,Indonesia,Bentley
874,Nike,Klessmann,nklessmanno9@sogou.com,Polygender,104.180.182.28,Thailand,Mercury
875,Hendrika,Matusiak,hmatusiakoa@shareasale.com,Female,40.51.156.67,Cuba,Hyundai
876,Obadiah,Tuppeny,otuppenyob@feedburner.com,Genderqueer,242.42.10.74,United States,Cadillac
877,Tandie,Suggitt,tsuggittoc@chron.com,Bigender,231.152.193.42,Philippines,BMW
878,Adham,Dran,adranod@blogtalkradio.com,Bigender,110.101.245.249,Thailand,Jeep
879,Mano,Winmill,mwinmilloe@plala.or.jp,Polygender,59.207.246.104,Indonesia,Ford
880,Rodolph,Nudds,rnuddsof@patch.com,Male,207.129.96.32,China,Mercury
881,Doria,Axleby,daxlebyog@1und1.de,Bigender,37.92.219.51,Czech Republic,Ford
882,Bondon,Eayres,beayresoh@blinklist.com,Polygender,71.142.215.171,Poland,Chevrolet
883,Antonio,Joskovitch,ajoskovitchoi@bloglovin.com,Bigender,21.237.199.110,Sweden,Lexus
884,Xenia,Scotti,xscottioj@indiatimes.com,Non-binary,168.147.57.241,Tunisia,Cadillac
885,Yvor,Glasscoe,yglasscoeok@chicagotribune.com,Female,147.7.76.148,Philippines,Ford
886,Bartholomew,Rushby,brushbyol@soundcloud.com,Female,108.164.235.120,China,Cadillac
887,Rickey,Waiting,rwaitingom@arizona.edu,Non-binary,143.64.26.198,China,Pontiac
888,Rivi,Brookwood,rbrookwoodon@bloglovin.com,Genderfluid,134.133.172.205,Philippines,Bentley
889,Gavra,Iowarch,giowarchoo@boston.com,Female,28.255.107.23,Brazil,Pontiac
890,Babita,Labdon,blabdonop@ameblo.jp,Agender,61.184.13.127,Bhutan,Nissan
891,Amalia,Valek,avalekoq@forbes.com,Polygender,132.229.66.22,China,Chrysler
892,Casie,Thackeray,cthackerayor@photobucket.com,Genderqueer,57.93.102.47,Indonesia,Toyota
893,Kat,McCroary,kmccroaryos@geocities.com,Male,98.248.229.137,Philippines,Mercury
894,Brianna,Moorhead,bmoorheadot@wisc.edu,Genderqueer,162.231.231.121,Uzbekistan,Dodge
895,Harbert,Hackly,hhacklyou@netscape.com,Genderqueer,176.101.242.73,Switzerland,Mitsubishi
896,Ruy,Newey,rneweyov@vinaora.com,Bigender,199.197.29.47,Canada,GMC
897,Lura,Kennally,lkennallyow@telegraph.co.uk,Non-binary,5.22.83.61,China,Volkswagen
898,Sutherland,Eslinger,seslingerox@uiuc.edu,Polygender,56.6.255.37,Slovenia,Acura
899,Remington,Tabor,rtaboroy@sciencedirect.com,Polygender,43.161.247.207,Comoros,Bentley
900,Adorne,Keep,akeepoz@over-blog.com,Bigender,100.210.142.117,China,Chrysler
901,Kathe,De La Coste,kdelacostep0@simplemachines.org,Non-binary,0.21.69.154,Philippines,Lincoln
902,Pepita,Halse,phalsep1@cbc.ca,Genderqueer,108.185.56.80,Honduras,Pontiac
903,Nanci,Pouck,npouckp2@ocn.ne.jp,Genderqueer,204.167.10.254,Argentina,Hummer
904,Kathi,Schettini,kschettinip3@cnet.com,Bigender,243.174.51.56,Colombia,Suzuki
905,Paulina,Beattie,pbeattiep4@walmart.com,Agender,221.125.111.152,Russia,Mazda
906,Lorie,Ovanesian,lovanesianp5@harvard.edu,Polygender,96.97.237.181,Portugal,Nissan
907,Suzy,Basilio,sbasiliop6@tinyurl.com,Genderqueer,231.29.134.214,Mexico,BMW
908,Carolin,Togwell,ctogwellp7@bloglines.com,Bigender,117.107.207.193,Spain,Audi
909,Johnnie,Aleksandrikin,jaleksandrikinp8@netlog.com,Bigender,207.148.145.171,Indonesia,Ford
910,Keith,Belvard,kbelvardp9@latimes.com,Male,252.48.116.166,Panama,Suzuki
911,Fredelia,Casine,fcasinepa@ustream.tv,Polygender,177.145.55.244,Pakistan,Chevrolet
912,Samaria,Shawl,sshawlpb@cornell.edu,Genderqueer,82.91.200.255,Indonesia,Volkswagen
913,Alexina,Storror,astorrorpc@zimbio.com,Male,66.208.140.103,Colombia,Mazda
914,Marshall,Yarwood,myarwoodpd@hugedomains.com,Polygender,3.225.77.136,Indonesia,Jaguar
915,Dacey,Jori,djoripe@feedburner.com,Polygender,251.47.215.125,China,Lotus
916,Ahmed,Beamond,abeamondpf@census.gov,Agender,56.85.5.235,China,Geo
917,Dorris,Davydochkin,ddavydochkinpg@gizmodo.com,Genderqueer,192.17.87.78,Macedonia,GMC
918,Giacopo,Omand,gomandph@unesco.org,Female,211.32.150.115,Indonesia,Dodge
919,Nadia,Double,ndoublepi@hubpages.com,Bigender,230.245.11.137,Indonesia,Kia
920,Aldon,Sturror,asturrorpj@phoca.cz,Genderqueer,49.63.77.13,China,Lincoln
921,Hannah,Doldon,hdoldonpk@zimbio.com,Bigender,216.102.1.103,United States,Infiniti
922,Ly,Yarranton,lyarrantonpl@netlog.com,Male,186.181.215.81,Kenya,Mercury
923,Fernandina,Jack,fjackpm@reddit.com,Bigender,152.239.179.224,Latvia,Isuzu
924,Harwell,Zollner,hzollnerpn@wiley.com,Non-binary,151.94.128.192,Sri Lanka,Hyundai
925,Dougie,Rubinfajn,drubinfajnpo@oaic.gov.au,Female,136.195.196.195,Iran,Toyota
926,Alys,Bussey,abusseypp@wix.com,Genderqueer,216.139.196.83,Czech Republic,Audi
927,Letitia,Busson,lbussonpq@auda.org.au,Bigender,166.128.75.84,China,Lotus
928,Calvin,Myrtle,cmyrtlepr@earthlink.net,Polygender,250.115.29.247,France,Mercury
929,Talia,Purrier,tpurrierps@gov.uk,Genderfluid,217.69.127.111,Azerbaijan,Porsche
930,Hadlee,Dorrance,hdorrancept@wisc.edu,Bigender,231.172.116.235,China,Volvo
931,Josi,Titmarsh,jtitmarshpu@wikimedia.org,Genderfluid,230.80.172.223,Georgia,Ford
932,Patricio,Feedome,pfeedomepv@tinypic.com,Bigender,41.73.146.110,China,Lexus
933,Brandise,Downton,bdowntonpw@china.com.cn,Bigender,11.108.82.200,China,Chevrolet
934,Jacqueline,Esland,jeslandpx@geocities.com,Female,40.84.70.99,China,Ford
935,Wake,Howlin,whowlinpy@arizona.edu,Male,87.163.243.58,Indonesia,Bentley
936,Kingsly,Inderwick,kinderwickpz@bloglovin.com,Polygender,156.47.109.241,Indonesia,Porsche
937,Pattin,Heimann,pheimannq0@amazon.com,Genderfluid,198.160.59.16,Canada,Mercedes-Benz
938,Town,Yve,tyveq1@squarespace.com,Agender,85.114.63.152,France,Ford
939,Bernadine,Rainey,braineyq2@sohu.com,Female,60.89.88.219,China,Mitsubishi
940,Jamison,Paxton,jpaxtonq3@fastcompany.com,Polygender,190.148.254.34,Philippines,GMC
941,Cal,Lages,clagesq4@discovery.com,Non-binary,29.65.24.192,Japan,Subaru
942,Correy,Greves,cgrevesq5@studiopress.com,Bigender,94.99.4.128,China,Chevrolet
943,Karel,Demoge,kdemogeq6@desdev.cn,Female,79.247.233.112,United Kingdom,Mazda
944,Lois,Hargroves,lhargrovesq7@zdnet.com,Genderfluid,100.205.22.121,Indonesia,Ford
945,Glenine,Hayfield,ghayfieldq8@who.int,Bigender,14.94.123.119,Tunisia,Mitsubishi
946,Karin,O'Neil,koneilq9@ucoz.com,Bigender,145.247.219.91,Portugal,MINI
947,Lynne,Frankowski,lfrankowskiqa@hp.com,Genderqueer,216.201.220.20,Jordan,Chevrolet
948,Seymour,O'Neill,soneillqb@auda.org.au,Polygender,209.40.84.53,United States,Dodge
949,Hannis,McMearty,hmcmeartyqc@instagram.com,Agender,28.26.26.156,China,BMW
950,Livvyy,Forsyth,lforsythqd@360.cn,Genderfluid,212.90.76.32,Indonesia,Mazda
951,Lynde,McKillop,lmckillopqe@simplemachines.org,Genderqueer,60.110.160.59,Costa Rica,Lamborghini
952,Shanna,Breheny,sbrehenyqf@comsenz.com,Female,212.60.176.141,Portugal,GMC
953,Sherrie,Tesdale,stesdaleqg@ft.com,Male,48.198.70.110,Russia,Dodge
954,Kyrstin,Shooter,kshooterqh@t.co,Polygender,229.63.116.35,Poland,Dodge
955,Allene,Calbert,acalbertqi@ocn.ne.jp,Genderfluid,187.190.92.188,Portugal,Lexus
956,Salvador,Greenhow,sgreenhowqj@jugem.jp,Polygender,147.172.178.47,France,Chevrolet
957,Fidelio,Binnall,fbinnallqk@wikispaces.com,Non-binary,244.255.124.144,China,Chevrolet
958,James,Rooms,jroomsql@dell.com,Female,201.12.240.101,United Kingdom,Smart
959,Asher,Dunkerton,adunkertonqm@ca.gov,Female,80.23.25.19,Canada,Toyota
960,Hanny,Jewess,hjewessqn@hhs.gov,Bigender,164.82.231.99,Japan,Ford
961,Feodora,Garrold,fgarroldqo@cbsnews.com,Female,202.139.138.129,Iran,Chevrolet
962,Addy,Ong,aongqp@usa.gov,Bigender,105.249.18.211,Brazil,Mitsubishi
963,Matthew,Readshaw,mreadshawqq@behance.net,Agender,150.49.154.89,Russia,Kia
964,Ivy,Falkus,ifalkusqr@paginegialle.it,Genderqueer,62.222.151.59,Russia,Buick
965,Trula,Pinckard,tpinckardqs@bigcartel.com,Bigender,211.156.253.173,China,Chrysler
966,Blakelee,Buckbee,bbuckbeeqt@delicious.com,Bigender,183.150.242.8,Philippines,Chevrolet
967,Charmain,Young,cyoungqu@blogs.com,Male,111.120.248.34,Egypt,BMW
968,Franky,Lain,flainqv@jigsy.com,Non-binary,71.231.213.234,France,Infiniti
969,Lorrie,Stringer,lstringerqw@mozilla.com,Agender,116.188.161.118,Indonesia,Jeep
970,Hoebart,Bristow,hbristowqx@gnu.org,Agender,46.33.176.65,Brazil,Ford
971,Evonne,Gittins,egittinsqy@usa.gov,Male,248.35.248.189,Yemen,Honda
972,Esmaria,Puckett,epuckettqz@list-manage.com,Agender,69.215.6.217,Pakistan,Ford
973,Idette,Forre,iforrer0@mail.ru,Non-binary,130.206.233.88,China,Chevrolet
974,Bobine,Menis,bmenisr1@vk.com,Genderfluid,42.249.168.190,Australia,Buick
975,Sisely,Gunderson,sgundersonr2@live.com,Genderqueer,60.52.19.114,New Zealand,Audi
976,Gustavus,Cote,gcoter3@comcast.net,Male,166.61.116.69,Russia,Lamborghini
977,Taite,Fennelly,tfennellyr4@g.co,Female,41.74.215.246,China,Ford
978,Martita,Pleasants,mpleasantsr5@cnbc.com,Non-binary,37.38.254.91,Finland,Cadillac
979,Mozelle,Wilkenson,mwilkensonr6@qq.com,Agender,80.53.129.85,China,Nissan
980,Alfie,Domerque,adomerquer7@webnode.com,Polygender,96.0.232.66,Indonesia,Mitsubishi
981,Cory,Glackin,cglackinr8@hatena.ne.jp,Polygender,246.166.54.107,Indonesia,Mitsubishi
982,Tedra,Basile,tbasiler9@buzzfeed.com,Female,250.91.97.109,Ukraine,BMW
983,Randie,Stranieri,rstranierira@blinklist.com,Genderfluid,254.85.169.122,South Korea,Maybach
984,Grayce,Danihel,gdanihelrb@reuters.com,Male,229.6.43.171,Russia,Nissan
985,Sarge,Philipart,sphilipartrc@sogou.com,Agender,172.64.85.148,Brazil,Ford
986,Carolann,Gheerhaert,cgheerhaertrd@canalblog.com,Bigender,11.41.87.186,Zambia,GMC
987,Darby,Naisbitt,dnaisbittre@jiathis.com,Bigender,221.69.49.144,Saudi Arabia,Volkswagen
988,Gelya,Leguay,gleguayrf@multiply.com,Non-binary,136.123.67.118,Russia,Toyota
989,Courtenay,Cagan,ccaganrg@tumblr.com,Genderqueer,109.83.67.112,Libya,Acura
990,Cammy,Feldmark,cfeldmarkrh@sun.com,Genderfluid,161.253.38.36,Israel,Pontiac
991,Casey,Stoke,cstokeri@fda.gov,Female,158.213.46.141,Spain,Chevrolet
992,Patrizia,Deboo,pdeboorj@technorati.com,Non-binary,114.192.219.99,Indonesia,Dodge
993,Mallory,Ivanyushin,mivanyushinrk@reference.com,Genderqueer,68.206.225.188,Bosnia and Herzegovina,Dodge
994,Ignace,Oswick,ioswickrl@fastcompany.com,Genderfluid,248.2.92.23,United States,Hyundai
995,Allx,Daubney,adaubneyrm@answers.com,Genderfluid,140.219.214.208,China,Ford
996,Geoffrey,Trundle,gtrundlern@dion.ne.jp,Female,142.62.195.41,Sweden,Mercedes-Benz
997,Nikolia,Prestwich,nprestwichro@jimdo.com,Agender,133.64.129.150,France,Pontiac
998,Rodrique,Cervantes,rcervantesrp@nytimes.com,Polygender,191.183.75.118,Spain,BMW
999,Giff,Gainsford,ggainsfordrq@github.com,Genderqueer,109.113.227.143,Slovenia,Honda
1000,Roselin,Juza,rjuzarr@reverbnation.com,Male,10.187.95.69,China,Ford
